model,animal_id,brier,log_loss
transition,DO-1D-3072,0.8115317422192125,1.3588314080658037
transition,DO-1D-3074,0.23165089590955576,0.4913692359427303
transition,DO-1D-3084,0.4722483387131733,0.8170127840084938
transition,DO-1D-3092,0.7301544447888735,1.3038340257507908
transition,DO-1D-3104,0.6935551095891557,1.1214296443733773
transition,DO-1D-3110,0.5655981446294642,0.9001755655354603
transition,DO-1D-3111,0.6442768360406796,1.1501519954515618
transition,DO-1D-3112,0.7643401378509566,1.1196185209756568
transition,DO-1D-3114,0.5086466883401701,0.8579917196815532
transition,DO-1D-3116,0.4938389387952844,0.8260611827076793
transition,DO-1D-3118,1.4563124427942071,2.4784886074428365
transition,DO-1D-3123,0.6662305816542836,1.1095369950863592
transition,DO-1D-3124,0.8055662528348875,1.3337889323164702
transition,DO-1D-3134,0.26383288520871484,0.49629310313680786
transition,DO-1D-3135,0.6168636140940921,1.0473932810596451
transition,DO-1D-3139,0.39732063276741125,0.7153334959596612
transition,DO-1D-3143,0.5581920361802518,0.9676453298042941
transition,DO-1D-3145,0.2707572505158931,0.5398582433739952
transition,DO-1D-3146,0.3498955993806322,0.6242871907607679
transition,DO-1D-3154,0.434074912844782,0.7494007705106221
transition,DO-1D-3155,0.4787080808608425,0.7895803362333144
transition,DO-1D-3163,0.6477909409138273,1.0587732960082474
transition,DO-1D-3168,0.6160819615248682,0.949073255580199
transition,DO-1D-3169,0.34257914688704094,0.6335332240831663
transition,DO-1D-3170,0.45194387796487073,0.7381958706265366
transition,DO-1D-3188,0.4664607782768725,0.7840764204337661
transition,DO-1D-3189,0.45840640864964577,0.7920162176789155
transition,DO-20-1025,0.3657756949689532,0.6493299332440858
transition,DO-20-1029,0.30276790430918626,0.5885029715120877
transition,DO-20-1040,0.2344616921021021,0.49721823044600616
transition,DO-20-1045,0.26697827941548236,0.5240294802307217
transition,DO-20-1054,0.5603792928875959,0.9813177916278211
transition,DO-20-1056,0.7547593320870042,1.287049791354128
transition,DO-20-1064,0.3912352834095797,0.6952668909073684
transition,DO-20-1065,0.6572510072402995,1.0794860737400447
transition,DO-20-1066,0.3445529558853021,0.6308826813810755
transition,DO-20-1067,0.440018445315658,0.8397261070292222
transition,DO-20-1069,0.17608610654714282,0.3699988071105068
transition,DO-20-1071,0.13791732412820587,0.3295047056182533
transition,DO-20-1074,0.13310834755993134,0.32390420908668177
transition,DO-20-1087,1.412668902138909,2.229089083278465
transition,DO-20-1097,0.39538146221357096,0.6974925890097395
transition,DO-20-1098,0.8111195544663605,1.2830045300494806
transition,DO-20-1100,0.40422197781788854,0.7257185981444412
transition,DO-20-1101,0.4894371022054268,0.7994520071742808
transition,DO-20-1109,0.514511209977944,0.8416077018609457
transition,DO-20-1116,0.3023463168296919,0.523093324660629
transition,DO-20-1122,0.5761495451093598,0.8967645868667673
transition,DO-20-1123,0.36689110469985947,0.651078785437575
transition,DO-20-1124,0.5509569282540114,0.918167374260786
transition,DO-20-1126,0.5065779946540303,0.8856492074867363
transition,DO-20-1127,0.41955554622439445,0.6921750555480021
transition,DO-20-1128,0.568284670364042,0.9817871671773867
transition,DO-20-1129,0.344595130600478,0.6235986071167917
transition,DO-20-1132,0.822009832220843,1.3443181870740484
transition,DO-20-1135,0.6861327509653816,1.1797905984655417
transition,DO-20-1136,0.2792803430521895,0.5313300675219247
transition,DO-20-1138,1.4567504937149944,3.9922706822840444
transition,DO-20-1146,0.4601085373968819,0.7872021138009698
transition,DO-20-1147,0.7209678075052597,1.1748207503612693
transition,DO-20-1151,0.4037850945020608,0.6523082774126325
transition,DO-20-1152,0.22591137147847376,0.45878191998026213
transition,DO-20-1156,0.5522865804404783,0.8649199985857284
transition,DO-20-1157,0.4238006659434406,0.7271365800196027
transition,DO-20-1158,0.3565054976678521,0.6702987639172284
transition,DO-20-1164,0.7363719238524656,1.327509071216535
transition,DO-20-1168,0.4081491456400148,0.6442358114835899
transition,DO-20-1170,0.27919959896955526,0.5889650726317056
transition,DO-20-1178,0.6102073971894778,0.946619928378449
transition,DO-20-1179,0.44726553534223235,0.8110912839749024
transition,DO-20-1183,0.4356768306018033,0.7756090559388975
transition,DO-20-1186,0.24947002252393144,0.47319471179485756
transition,DO-20-1188,0.2204757702035788,0.4763139245076391
transition,DO-20-1189,0.7949896427969536,1.2534713317162935
transition,DO-20-1190,0.43381451692032613,0.7839168224051987
transition,DO-2D-4039,0.29174533391375096,0.5770379846001031
transition,DO-2D-4043,0.7035000571252222,1.2193868676920903
transition,DO-2D-4062,0.2930170224345286,0.5776813291357129
transition,DO-2D-4079,0.48826699740627305,0.879410643705468
transition,DO-2D-4083,0.48785035092912277,0.79951609197674
transition,DO-2D-4084,0.5169807405037834,0.8584162888594281
transition,DO-2D-4092,0.6826589067495887,1.0197315537807259
transition,DO-2D-4097,0.2137727412348692,0.45986477114927454
transition,DO-2D-4099,0.4228509984197418,0.8325339129968199
transition,DO-2D-4112,0.9028215119873823,1.4109412909684431
transition,DO-2D-4113,0.589282327530169,0.9392731529502849
transition,DO-2D-4114,0.5097310008245377,0.8133482178040754
transition,DO-2D-4119,0.7347043581211096,1.0933198285944215
transition,DO-2D-4122,0.6858193420686046,1.082108012408275
transition,DO-2D-4123,1.6921250399327752,3.9925134131198488
transition,DO-2D-4124,0.5666758715650058,0.8479117474174209
transition,DO-2D-4128,0.771910772451823,1.3479106506599503
transition,DO-2D-4130,0.5541088356869098,0.9185320980787391
transition,DO-2D-4132,0.8196705026892179,1.1410007702411713
transition,DO-2D-4133,0.4066301495956077,0.6843189730882792
transition,DO-2D-4143,0.869724178016803,1.413874978378556
transition,DO-2D-4145,0.43828417450067536,0.8803834553998545
transition,DO-2D-4148,0.35170461523845886,0.6277714392950317
transition,DO-2D-4149,0.3769850266310466,0.6402569937136547
transition,DO-2D-4150,0.27799849283123007,0.5482435548084883
transition,DO-2D-4151,0.44635804874142854,0.7908045353172988
transition,DO-2D-4157,0.39415433977342357,0.6532439259907524
transition,DO-2D-4158,0.5803271872778969,0.9050742943054093
transition,DO-2D-4162,0.22175591641412318,0.47153412847439796
transition,DO-2D-4165,0.49075021550419323,0.7633811621170127
transition,DO-2D-4167,0.5616213554475274,0.879386873615121
transition,DO-2D-4168,0.23061063218573158,0.4387166540437359
transition,DO-2D-4171,0.5666509098221628,0.8951772333178952
transition,DO-2D-4172,0.6131289581642342,0.9236511848324549
transition,DO-2D-4174,0.7021717326763481,1.132870306091557
transition,DO-2D-4180,0.30122109217275195,0.5360840009428541
transition,DO-2D-4184,0.4172382081965553,0.7121080711634103
transition,DO-2D-4186,0.4012750093197497,0.7923430832074264
transition,DO-2D-4190,0.5475572304370129,0.8052143266123201
transition,DO-2D-4192,0.3435921071611599,0.5542080732710583
transition,DO-40-2016,0.5117428594692774,0.9849806233194242
transition,DO-40-2024,0.11667154935590876,0.2722401933676635
transition,DO-40-2028,0.18402518345562227,0.41882750373884964
transition,DO-40-2039,0.40071217916309787,0.8799225180346292
transition,DO-40-2050,0.152071261537794,0.3285109267304184
transition,DO-40-2056,0.42915574524531386,0.7216372674860124
transition,DO-40-2059,0.5387683244723486,0.9202563130500654
transition,DO-40-2061,0.05219331489843098,0.20159496468287036
transition,DO-40-2066,1.2860826918173711,1.9288747452348571
transition,DO-40-2070,0.10505512707574075,0.27171282607483105
transition,DO-40-2073,0.35711881685067515,0.642332787854302
transition,DO-40-2077,0.1632871312963337,0.37089921550018135
transition,DO-40-2078,1.1853703738298684,1.73708728646344
transition,DO-40-2081,0.6118391910651072,0.9666506467652265
transition,DO-40-2087,0.3610697262608086,0.632966201312881
transition,DO-40-2088,0.1670969160709587,0.35714097806358247
transition,DO-40-2092,0.20564087897708522,0.4430025573621211
transition,DO-40-2094,0.13556368023470333,0.3553390747043656
transition,DO-40-2097,0.5047531857042379,0.7768668020647258
transition,DO-40-2099,0.34697282998703455,0.5958689587673234
transition,DO-40-2101,0.054655689111992645,0.19866857325790518
transition,DO-40-2102,0.43981580767336265,0.7395261088030877
transition,DO-40-2107,0.1847424540006937,0.37149446708429174
transition,DO-40-2108,0.06177077644510398,0.20443778095451123
transition,DO-40-2111,0.12228727105317673,0.30595202164135654
transition,DO-40-2113,0.5477179290045746,0.8061931601379643
transition,DO-40-2114,0.7423303893864266,1.0826204421241241
transition,DO-40-2115,0.1939663193756509,0.3884681453805682
transition,DO-40-2116,0.6934473451512114,1.0938629875275043
transition,DO-40-2117,0.6622765483808982,1.0267356250261155
transition,DO-40-2118,0.3842823640255371,0.6422923149434239
transition,DO-40-2123,0.6404947975828409,0.9622610815155151
transition,DO-40-2124,0.2644618830696976,0.48582544510792297
transition,DO-40-2125,0.6327815828502303,1.0613284216731702
transition,DO-40-2126,0.36019695923318173,0.589004256737788
transition,DO-40-2130,0.11263431835437797,0.27828995654941874
transition,DO-40-2133,0.31633224744908595,0.5398984677240809
transition,DO-40-2135,0.3519976134531073,0.594654083073984
transition,DO-40-2136,0.3940675969818555,0.9189216184722163
transition,DO-40-2137,0.521970705635201,0.7614084956964056
transition,DO-40-2140,0.8700073063435156,2.148839256958186
transition,DO-40-2141,0.15577431909807463,0.3361681948218235
transition,DO-40-2145,0.3265752795640481,0.6166021696800184
transition,DO-40-2146,0.3665496746567825,0.6110455689115641
transition,DO-40-2147,0.4021168523894136,0.9705231106120752
transition,DO-40-2149,0.16503849923651118,0.3400174536763939
transition,DO-40-2150,0.2497606451023934,0.46616111094210133
transition,DO-40-2151,0.33405679243940173,0.5712481427292091
transition,DO-40-2152,0.14677177002822073,0.37157165175336043
transition,DO-40-2153,0.1326735483401315,0.3057720693451768
transition,DO-40-2156,0.1600099611559865,0.36255518579602747
transition,DO-40-2157,0.5945260452806902,0.882561377752937
transition,DO-40-2158,0.1936678787032319,0.4331755867307203
transition,DO-40-2159,0.41394154554674345,0.7041599054364465
transition,DO-40-2160,0.5932712052193642,0.8921938237304035
transition,DO-40-2162,0.32218625343781476,0.5841456341021245
transition,DO-40-2164,0.3683285006612164,0.6702548088087632
transition,DO-40-2167,0.3978900426552952,0.6618672536402794
transition,DO-40-2168,0.8717720873489683,1.3894567356659142
transition,DO-40-2172,0.8121644541761925,1.6215257808299752
transition,DO-40-2174,0.6193400389120283,0.8302340707267643
transition,DO-40-2175,0.05369472317418288,0.19533527972329157
transition,DO-40-2176,0.5243878167257991,0.9509063587916826
transition,DO-40-2178,0.16523557031754693,0.357407504998008
transition,DO-40-2179,0.15872002822329503,0.36016039922129406
transition,DO-40-2181,0.19813875176388646,0.3929387808621969
transition,DO-40-2182,0.2213117732799629,0.4232805296937124
transition,DO-40-2183,0.41830558215095043,0.6873279878084769
transition,DO-40-2184,0.2398531787261762,0.4706246627867157
transition,DO-40-2186,0.6754903026910265,0.9978137382072004
transition,DO-40-2187,0.48551282660028333,0.7737577860131367
transition,DO-40-2192,0.4789350906733999,0.7768724650231044
transition,DO-AL-0033,0.45214584701121413,0.6813169145389629
transition,DO-AL-0043,0.6022847827337852,0.8551182357014941
transition,DO-AL-0102,0.24440366232440155,0.5169311895620348
transition,DO-AL-0105,0.34249915983967255,0.6495754674311993
transition,DO-AL-0112,0.6382042417350006,1.0568566582665164
transition,DO-AL-0115,0.9162068388169562,1.3381833212031335
transition,DO-AL-0117,0.36926980042340823,0.6733001980699584
transition,DO-AL-0118,0.4440493309092018,0.7549481489135861
transition,DO-AL-0119,0.6467325846326206,1.1198368567875578
transition,DO-AL-0125,0.6505689656562325,1.085355222892541
transition,DO-AL-0128,0.537996631387829,0.8756452142484068
transition,DO-AL-0136,0.5252150728381212,0.8102913665445319
transition,DO-AL-0140,0.657452070768643,0.9465598224873496
transition,DO-AL-0141,0.48470173724826193,0.8758003447113403
transition,DO-AL-0142,0.6768252673069991,1.0488858613384688
transition,DO-AL-0143,0.7927200915661755,1.2867851881285661
transition,DO-AL-0145,0.5634668832033433,1.0355336997093494
transition,DO-AL-0147,0.4803837213823666,0.8952218337045974
transition,DO-AL-0157,0.3819030723277263,0.7941967338819093
transition,DO-AL-0158,0.8161411763321633,1.2363628449602484
transition,DO-AL-0172,0.34249915983967255,0.6495754674311993
transition,DO-AL-0180,0.6632509700414955,1.1141491167557749
current,DO-1D-3072,0.7453143664642669,1.0476563165786705
current,DO-1D-3074,0.1073548925779114,0.28756576342030343
current,DO-1D-3084,0.4963567680189005,0.8399959583046321
current,DO-1D-3092,0.7765272928576489,1.239094609964342
current,DO-1D-3104,0.5071994380543363,0.7423626841153026
current,DO-1D-3110,0.42272709608606035,0.630609367788188
current,DO-1D-3111,0.6354964282777431,1.0854925190487688
current,DO-1D-3112,0.7703162931411309,1.0237010088652878
current,DO-1D-3114,0.4088254604596693,0.6786338727034531
current,DO-1D-3116,0.36200777242673193,0.6244919525023168
current,DO-1D-3118,1.5367584617489785,3.878590350496472
current,DO-1D-3123,0.46847489034392265,0.9609944489555184
current,DO-1D-3124,0.9794916012911771,1.5035473251048868
current,DO-1D-3134,0.15982074020770443,0.3504981355628085
current,DO-1D-3135,0.6315901784103791,0.9383768995605817
current,DO-1D-3139,0.2878727293686704,0.5597236768097908
current,DO-1D-3143,0.6433903495354654,1.2179614377402719
current,DO-1D-3145,0.0976751490675811,0.2550665085136391
current,DO-1D-3146,0.21210605315763814,0.42563448209236343
current,DO-1D-3154,0.24577917148906092,0.44994290562336514
current,DO-1D-3155,0.43914642158839606,0.6891108845884792
current,DO-1D-3163,0.4431197192926532,0.6280484149623603
current,DO-1D-3168,0.8466951155931329,1.390101971026646
current,DO-1D-3169,0.05943365071089577,0.21313821102647704
current,DO-1D-3170,0.2628145317318777,0.44686813603938347
current,DO-1D-3188,0.43062776825667737,0.7501234727957395
current,DO-1D-3189,0.6627414810884312,1.4052467707343024
current,DO-20-1025,0.30955650052805683,0.5217589340271618
current,DO-20-1029,0.3299842189554605,0.5625952598907704
current,DO-20-1040,0.2622795448498489,0.5871114615825921
current,DO-20-1045,0.23910461806791813,0.40842654376204646
current,DO-20-1054,0.6138088422192347,0.992956484312315
current,DO-20-1056,0.7137239834493265,1.0755524147609437
current,DO-20-1064,0.3409489677779418,0.5379284780447957
current,DO-20-1065,0.7355452249587312,1.3968025142541534
current,DO-20-1066,0.3426842404338401,0.6060517832480286
current,DO-20-1067,0.2665550747123836,0.4460337905127398
current,DO-20-1069,0.1528694194150463,0.34140055843412886
current,DO-20-1071,0.06849392909283246,0.18583658504116826
current,DO-20-1074,0.13091810595972628,0.2839367423971613
current,DO-20-1087,1.3347111971724503,2.3013005659141705
current,DO-20-1097,0.523641848447281,0.9197128568347225
current,DO-20-1098,0.5921251462474045,0.924111296225184
current,DO-20-1100,0.4348785391885096,0.7384148647881996
current,DO-20-1101,0.4917907700620675,0.7898289454438898
current,DO-20-1109,0.5367385802857763,0.821359170909489
current,DO-20-1116,0.2107760279971887,0.4039846440704878
current,DO-20-1122,0.6004978015949466,0.8883177257124858
current,DO-20-1123,0.34581403020841334,0.6108380339739262
current,DO-20-1124,0.5349638370205654,0.8086831104213044
current,DO-20-1126,0.6042163860857851,0.9826720949309012
current,DO-20-1127,0.39848238473382264,0.638121641278024
current,DO-20-1128,0.6871274503151596,0.9475730630726552
current,DO-20-1129,0.4175160330521012,0.6820062505087967
current,DO-20-1132,0.9347008094077379,2.4115008751641605
current,DO-20-1135,0.6272203168438447,0.9967745462119134
current,DO-20-1136,0.26190017123964937,0.51286376020204
current,DO-20-1138,1.4990726994049983,2.8494102889670088
current,DO-20-1146,0.21876385626475425,0.413030857772668
current,DO-20-1147,0.5206028253358622,0.7603995223262934
current,DO-20-1151,0.3402456443468763,0.5431298770182178
current,DO-20-1152,0.6048378490542508,0.9337827314560593
current,DO-20-1156,0.5577287371704109,0.9216050758604745
current,DO-20-1157,0.4390930858298385,0.6730770941923395
current,DO-20-1158,0.23296135173262425,0.431431061872806
current,DO-20-1164,0.8047826581631158,1.618280846271603
current,DO-20-1168,0.23843028570522015,0.432493996540584
current,DO-20-1170,0.3826510411595636,0.5942240012880797
current,DO-20-1178,0.5369656297758424,1.0277477743128878
current,DO-20-1179,0.35931475347243846,0.5774782254440677
current,DO-20-1183,0.7498238797051393,1.0097508966608966
current,DO-20-1186,0.2435328719461639,0.45937635190960485
current,DO-20-1188,0.13142266666947422,0.29983019527911786
current,DO-20-1189,0.3279977630053522,0.5245537996031642
current,DO-20-1190,0.5886678104680043,0.9294644615664621
current,DO-2D-4039,0.3717180077534026,0.5646247187327414
current,DO-2D-4043,0.8015018484852728,1.172420016395809
current,DO-2D-4062,0.11797686440646474,0.2871538470435981
current,DO-2D-4079,0.6778207213309446,1.7209945419802837
current,DO-2D-4083,0.45898239522067324,0.8745885377177901
current,DO-2D-4084,0.438939444948602,0.7688070990819369
current,DO-2D-4092,0.5653366116439249,0.8825183673577491
current,DO-2D-4097,0.07825421910349727,0.23798580766391642
current,DO-2D-4099,0.32821066653916275,0.5467933941658677
current,DO-2D-4112,0.9655376840223443,1.8061326465577423
current,DO-2D-4113,0.43292650381036707,0.6613439515212293
current,DO-2D-4114,0.5907166466387811,0.9043763166248524
current,DO-2D-4119,0.591369214526025,1.1031334532396853
current,DO-2D-4122,0.6094201627544802,0.9567942959942387
current,DO-2D-4123,0.6874758043417605,0.8838530270636883
current,DO-2D-4124,0.42440313775503374,0.6249356084018789
current,DO-2D-4128,0.6599439961567987,1.2086620142985585
current,DO-2D-4130,0.5465751646982367,1.0997923269992895
current,DO-2D-4132,0.4827601570064819,0.7111308300677383
current,DO-2D-4133,0.2975659367566592,0.49722272299589454
current,DO-2D-4143,0.5732404986743794,0.8311335452631212
current,DO-2D-4145,0.5116917422866798,0.7572892141175884
current,DO-2D-4148,0.2641509343981105,0.4456916223104409
current,DO-2D-4149,0.3484721835440778,0.5648759800342081
current,DO-2D-4150,0.08570623180007444,0.24764313440794283
current,DO-2D-4151,0.3398155985502929,0.5797779521005487
current,DO-2D-4157,0.5742303960407247,0.9091288545913538
current,DO-2D-4158,0.5032636681832818,0.7463153426372514
current,DO-2D-4162,0.1289560333904627,0.3408055193237158
current,DO-2D-4165,0.49600817332526803,0.7781732945861203
current,DO-2D-4167,0.7292217613558591,1.2038243646989633
current,DO-2D-4168,0.43158686648119055,0.6342634903067755
current,DO-2D-4171,0.6047348018205391,0.9800831797384095
current,DO-2D-4172,0.7301274175743853,1.2758569009031893
current,DO-2D-4174,0.588924595703368,0.8633182229828464
current,DO-2D-4180,0.3367161864162133,1.1324061870518907
current,DO-2D-4184,0.37750101110627193,0.6316567866297809
current,DO-2D-4186,0.35372514334100646,0.6185589463536257
current,DO-2D-4190,0.7043853114928214,1.099694442899923
current,DO-2D-4192,0.5760065208660183,0.8095232872145759
current,DO-40-2016,0.35310455574419997,0.5038930338553156
current,DO-40-2024,0.3063390178962457,0.47739128126724917
current,DO-40-2028,0.15605761411770186,0.3579079660970233
current,DO-40-2039,0.4014532664228121,0.7375273551281585
current,DO-40-2050,0.11415880607350871,0.2474437519905929
current,DO-40-2056,0.3892092563610098,0.680848896011478
current,DO-40-2059,0.5049266412753483,0.7770336396712945
current,DO-40-2061,0.027291731180622263,0.12309608726269529
current,DO-40-2066,1.5506836696975224,2.5423466136479314
current,DO-40-2070,0.13253419028961974,0.29650675794761994
current,DO-40-2073,0.35682943034283227,0.6618462324617627
current,DO-40-2077,0.16688287556333434,0.428984601444734
current,DO-40-2078,0.3725744533506859,0.565005039407232
current,DO-40-2081,0.5452793666295328,0.8150963507000534
current,DO-40-2087,0.3660151440399377,0.6135171015224377
current,DO-40-2088,0.16006916075097327,0.3464637673472456
current,DO-40-2092,0.2525043811179716,0.4600867141038529
current,DO-40-2094,0.2094019366562406,0.4672541198581207
current,DO-40-2097,0.488363588430174,0.776276692202072
current,DO-40-2099,0.299729594455051,0.4942961835144553
current,DO-40-2101,0.3267120475947264,0.6200940735665144
current,DO-40-2102,0.5220827770042764,0.7335788032739229
current,DO-40-2107,0.20484769728748092,0.3840411251373155
current,DO-40-2108,0.04796273873973365,0.1914403864369193
current,DO-40-2111,0.08538697020437838,0.20658845387424013
current,DO-40-2113,0.503940874937527,0.7732710636744846
current,DO-40-2114,0.6422955164499851,0.8950693442980723
current,DO-40-2115,0.1570878488316695,0.3338213133733978
current,DO-40-2116,0.616951687664439,0.8885460903353131
current,DO-40-2117,0.5451261735551368,0.8251229621614781
current,DO-40-2118,0.39238691734369896,0.6274395302004413
current,DO-40-2123,0.5184966856741153,0.9041236418508893
current,DO-40-2124,0.2393613773371537,0.46133326583833906
current,DO-40-2125,0.6459433891054477,1.2162191113259149
current,DO-40-2126,0.37214603852877864,0.5933879464845574
current,DO-40-2130,0.04724060489106163,0.18034532415200966
current,DO-40-2133,0.3055213506414614,0.5357222939273509
current,DO-40-2135,0.32212968533574093,0.529817768800909
current,DO-40-2136,0.20832985138498192,0.40360954073377714
current,DO-40-2137,0.4537898922466904,0.6837415538797869
current,DO-40-2140,0.9022378416492135,1.3857541262590476
current,DO-40-2141,0.12507055423057262,0.26501424264160517
current,DO-40-2145,0.31541675457196805,0.5872396906991282
current,DO-40-2146,0.3067846357897027,0.5105493931198589
current,DO-40-2147,0.3371391030124075,0.744691290418707
current,DO-40-2149,0.144305961245781,0.317831075620444
current,DO-40-2150,0.33225904736056033,0.5452658505166543
current,DO-40-2151,0.28887443599687346,0.4926667182289863
current,DO-40-2152,0.12042081299785506,0.3043230141455541
current,DO-40-2153,0.12253232090236167,0.2654557771403917
current,DO-40-2156,0.1294770677848545,0.3209143269267566
current,DO-40-2157,0.700340004351681,0.9453336692313002
current,DO-40-2158,0.157261865461954,0.3812071687465068
current,DO-40-2159,0.4156750984441127,0.6852323456690466
current,DO-40-2160,0.48461679667922436,0.7049041316163085
current,DO-40-2162,0.28920740806109935,0.4566513685579732
current,DO-40-2164,0.32167900366968116,0.6242132103825897
current,DO-40-2167,0.39264337186893195,0.6305416075383179
current,DO-40-2168,0.7673336754109298,1.0811639913675974
current,DO-40-2172,0.9624961041198901,1.5911376871617677
current,DO-40-2174,0.23309880032578922,0.43167620767298076
current,DO-40-2175,0.15614374126408648,0.3753155075269302
current,DO-40-2176,0.3998324927199227,0.6711093940462438
current,DO-40-2178,0.1457113228805977,0.32438820662540235
current,DO-40-2179,0.12920595773382734,0.28830134976944555
current,DO-40-2181,0.2066237245298845,0.3791581263157618
current,DO-40-2182,0.15235236297197344,0.35765956970498863
current,DO-40-2183,0.407449337436567,0.6137601444690526
current,DO-40-2184,0.18457495346053673,0.3477599610892938
current,DO-40-2186,0.7592151682241275,1.1354535614388916
current,DO-40-2187,0.4895148864873077,0.8271199535887177
current,DO-40-2192,0.4426892689474098,0.6637604980728429
current,DO-AL-0033,0.5234985492929698,0.736047427570471
current,DO-AL-0043,0.5885435996318157,0.8016330447414316
current,DO-AL-0102,0.07762760646773492,0.2418691163112554
current,DO-AL-0105,0.26684731032069103,0.4699269233622885
current,DO-AL-0112,0.7005015079110002,1.0086278828768447
current,DO-AL-0115,0.6250580618559601,0.9342485171642181
current,DO-AL-0117,0.2876510700414399,0.47508742824978906
current,DO-AL-0118,0.2916137195106126,0.5095631516201753
current,DO-AL-0119,0.7575404167354083,1.1833309794662323
current,DO-AL-0125,0.5366865447208221,0.7732963654143302
current,DO-AL-0128,0.6197161976838631,0.8907508532176658
current,DO-AL-0136,0.5955516626662885,0.9146036670435833
current,DO-AL-0140,0.7241655775614295,1.070250089197742
current,DO-AL-0141,0.42992335916808583,0.6925150838975794
current,DO-AL-0142,0.4160347098165681,0.6548679316731636
current,DO-AL-0143,0.5359683740993977,0.9361647861524447
current,DO-AL-0145,0.4828462446847168,0.8885006454524744
current,DO-AL-0147,0.3238356981771016,0.5652650888212742
current,DO-AL-0157,0.30697611067593256,0.672236404029209
current,DO-AL-0158,0.3485195321418917,0.5457947122267752
current,DO-AL-0172,0.02778492902520531,0.14626775167618022
current,DO-AL-0180,0.4500876801177678,0.7310772611665419
history,DO-1D-3072,0.5992294101254242,0.8511752365176979
history,DO-1D-3074,0.1430554288586993,0.3180275600631105
history,DO-1D-3084,0.2783706202937379,0.5142089062538061
history,DO-1D-3092,0.6717432710883885,1.0161948696291403
history,DO-1D-3104,0.5674925725770803,0.7973212253400135
history,DO-1D-3110,0.5475680579739641,0.8871933130265389
history,DO-1D-3111,0.67975265842636,1.1378469536946114
history,DO-1D-3112,0.9378134203167395,1.3338298433999811
history,DO-1D-3114,0.4084587474487752,0.6854313125149125
history,DO-1D-3116,0.3133791144531871,0.5287524301220494
history,DO-1D-3118,1.6935933662968683,4.224409350214759
history,DO-1D-3123,0.4782117521020188,0.830012903990944
history,DO-1D-3124,0.8161820519167018,1.3413974860189435
history,DO-1D-3134,0.16173665758783215,0.3445806056829275
history,DO-1D-3135,0.5678271894269742,0.8271086321836683
history,DO-1D-3139,0.2327049272382748,0.45833344103350415
history,DO-1D-3143,0.7242780761018321,1.4995851854568687
history,DO-1D-3145,0.0948299723504645,0.21080306743539923
history,DO-1D-3146,0.23507855531891297,0.4386623350655896
history,DO-1D-3154,0.23066412447148077,0.4036473371347108
history,DO-1D-3155,0.45733744166662815,0.727087545997843
history,DO-1D-3163,0.09417226334054539,0.2383974877558523
history,DO-1D-3168,0.8815367896685861,1.6301786542765448
history,DO-1D-3169,0.039867752389655425,0.1572950014461277
history,DO-1D-3170,0.3754974132145992,0.5950069075486822
history,DO-1D-3188,0.4637759829715873,0.8003108613962899
history,DO-1D-3189,0.5882763766253813,1.1204200969600595
history,DO-20-1025,0.26786408531799677,0.42793680802376965
history,DO-20-1029,0.25236402845938616,0.5685325195922355
history,DO-20-1040,0.24033482169095008,0.5497241419397384
history,DO-20-1045,0.19790681441520408,0.32588286518326204
history,DO-20-1054,0.6267725606660588,0.9965371633881923
history,DO-20-1056,0.6899184514157356,1.0733210833001288
history,DO-20-1064,0.41207854959517354,0.761448666338334
history,DO-20-1065,0.6573989717496278,1.226990368485476
history,DO-20-1066,0.34117312570458397,0.5992013747595464
history,DO-20-1067,0.33648336530270556,0.6622342193579833
history,DO-20-1069,0.1524779476041808,0.3356434461120615
history,DO-20-1071,0.0539164300930859,0.14842088041893126
history,DO-20-1074,0.1622801256004285,0.3769182720860812
history,DO-20-1087,0.8157525584959182,1.7723998493882345
history,DO-20-1097,0.5600129703363275,1.1106186737196346
history,DO-20-1098,0.6849502969976283,1.0662536357089756
history,DO-20-1100,0.4876381220636322,0.8159819091013769
history,DO-20-1101,0.5370234185508876,0.828361702127871
history,DO-20-1109,0.536883586200891,0.8243200373187116
history,DO-20-1116,0.2548528857817766,0.4637140551154782
history,DO-20-1122,0.6460485743749552,0.9485771178677755
history,DO-20-1123,0.36256737710646036,0.632155650772983
history,DO-20-1124,0.4653836545583075,0.6931248705370433
history,DO-20-1126,0.5348101993588704,0.8218832893012712
history,DO-20-1127,0.4258945156979703,0.6958744343435065
history,DO-20-1128,0.32060933254795565,0.512879115018832
history,DO-20-1129,0.34669618343013764,0.5716922819969525
history,DO-20-1132,1.18290411420215,2.130500623641238
history,DO-20-1135,0.6451549836207385,1.0256815006653672
history,DO-20-1136,0.2508351559824379,0.5011383111449427
history,DO-20-1138,1.428034297689885,2.881227696909749
history,DO-20-1146,0.22700273095078613,0.39967942608682494
history,DO-20-1147,0.4706730439244152,0.6854909993209526
history,DO-20-1151,0.38008810987029,0.6027294204849537
history,DO-20-1152,0.41394586188724747,0.6862520702285464
history,DO-20-1156,0.5545019376778518,0.9564643847746371
history,DO-20-1157,0.37761955466655434,0.5858077158465308
history,DO-20-1158,0.25805214537035936,0.4928917028702042
history,DO-20-1164,0.6594451684764969,1.215078921118109
history,DO-20-1168,0.49108358103200894,0.7545533812231344
history,DO-20-1170,0.36358273339337827,0.593039694318331
history,DO-20-1178,0.5242068922082141,0.9837152999315857
history,DO-20-1179,0.5104589862192472,0.745314007610725
history,DO-20-1183,0.18919016060178315,0.346596322805433
history,DO-20-1186,0.2390483692025582,0.4511324336843412
history,DO-20-1188,0.1300084230492112,0.2981072530920497
history,DO-20-1189,0.15981727842060423,0.309741847151669
history,DO-20-1190,0.6125238659161283,0.9104832940095755
history,DO-2D-4039,0.08535995095008878,0.1903113431071328
history,DO-2D-4043,0.4848874140276684,0.7028742383543645
history,DO-2D-4062,0.14760141702129378,0.30764233114281814
history,DO-2D-4079,0.7932216436978546,2.085939485979135
history,DO-2D-4083,0.4859427492393782,0.9400148502525044
history,DO-2D-4084,0.49213637009762395,0.8519827416601654
history,DO-2D-4092,0.5339891466690253,0.8351141236554849
history,DO-2D-4097,0.0386188674290888,0.14379331992077848
history,DO-2D-4099,0.5767457088532341,0.8937226031451123
history,DO-2D-4112,1.15376658293566,2.6766445577789177
history,DO-2D-4113,0.41516717887048066,0.6188045052636569
history,DO-2D-4114,0.4580801165496786,0.7005412736372387
history,DO-2D-4119,0.6133392612735542,1.2851969229654776
history,DO-2D-4122,0.5300418092289129,0.9021391800795978
history,DO-2D-4123,0.7391317605421943,0.9368437985489183
history,DO-2D-4124,0.6115656750357994,0.8154432634604138
history,DO-2D-4128,0.6585664884366385,1.233080400256635
history,DO-2D-4130,0.6164321377960421,1.3216242514378973
history,DO-2D-4132,0.37706173729320663,0.5783583579372207
history,DO-2D-4133,0.6737163237042979,0.9008382856659338
history,DO-2D-4143,0.5718871390159501,0.8144312550755054
history,DO-2D-4145,0.5520033834586309,0.7975330253043696
history,DO-2D-4148,0.3131856978786256,0.5149224421232094
history,DO-2D-4149,0.3344703635109754,0.5433609681545283
history,DO-2D-4150,0.07751213515343469,0.21064169947844377
history,DO-2D-4151,0.33344547231909755,0.5443605448675628
history,DO-2D-4157,0.49632905109443703,0.7589787430588528
history,DO-2D-4158,0.5126860540756445,0.7365429286533909
history,DO-2D-4162,0.02901164952023961,0.14047754075736252
history,DO-2D-4165,0.5169729950476502,0.7583893951154386
history,DO-2D-4167,0.6537375536730455,1.1158109547473107
history,DO-2D-4168,0.17363450057751006,0.35227151728890543
history,DO-2D-4171,0.617913330461914,0.975478178991579
history,DO-2D-4172,0.7785131208221387,1.2638978599701511
history,DO-2D-4174,0.8776134868767711,1.5369831298190244
history,DO-2D-4180,0.3129172680993842,0.9218671555512254
history,DO-2D-4184,0.2308130979187878,0.4395487529895819
history,DO-2D-4186,0.3441976040125556,0.5939583504760518
history,DO-2D-4190,0.7519797632763556,1.3603288816330452
history,DO-2D-4192,0.8551227603210768,1.2034431980087406
history,DO-40-2016,0.2572656211213115,0.37384219644483696
history,DO-40-2024,0.3636045716380097,0.6194744231635908
history,DO-40-2028,0.1945284971723459,0.3884830420542111
history,DO-40-2039,0.3832154226739504,0.8823812867878654
history,DO-40-2050,0.2213649277903975,0.3726915851358498
history,DO-40-2056,0.3825522438621166,0.6724611975221335
history,DO-40-2059,0.4645781327134316,0.7351809609198796
history,DO-40-2061,0.04293725402457623,0.14478581261864132
history,DO-40-2066,0.7388601239611812,1.000530346661051
history,DO-40-2070,0.1360079171452704,0.27394456485943014
history,DO-40-2073,0.3032860203680767,0.537649996361428
history,DO-40-2077,0.1415314665572323,0.3929638601283916
history,DO-40-2078,0.0017779476039792665,0.030273519750897815
history,DO-40-2081,0.6276111037633337,0.9432337094391195
history,DO-40-2087,0.34090368115733,0.5479882466049288
history,DO-40-2088,0.17594548652927958,0.3635736964150108
history,DO-40-2092,0.07624701670817029,0.2231973823298331
history,DO-40-2094,0.11306302345404538,0.3202225298274018
history,DO-40-2097,0.408387369328911,0.6189925638067046
history,DO-40-2099,0.33213062201945426,0.5518376097312387
history,DO-40-2101,0.318121234305741,0.5289890415944929
history,DO-40-2102,0.5365576906313088,0.763920076377486
history,DO-40-2107,0.22739616734454457,0.3936671556373127
history,DO-40-2108,0.02925536509874462,0.13514536446762423
history,DO-40-2111,0.13937775251928927,0.26073413355106695
history,DO-40-2113,0.47515608663302206,0.6832550940251703
history,DO-40-2114,0.6447295432729652,0.8960237831954314
history,DO-40-2115,0.14419598112304405,0.28966245492329606
history,DO-40-2116,0.6278139983926609,0.9102242153465048
history,DO-40-2117,0.5474921982378568,0.8163392389800781
history,DO-40-2118,0.37253916275356325,0.5954814565382449
history,DO-40-2123,0.4741150336969257,0.7467017647561014
history,DO-40-2124,0.20191039402046554,0.3623633266506067
history,DO-40-2125,0.5727109085051683,1.0205271765117283
history,DO-40-2126,0.35138001691593634,0.5750374229361108
history,DO-40-2130,0.037872995978333435,0.1400390288179177
history,DO-40-2133,0.3005208122383054,0.5400626215112541
history,DO-40-2135,0.4105589914802828,0.6299529717845477
history,DO-40-2136,0.1725104647681527,0.32721975317862645
history,DO-40-2137,0.47958304369976784,0.6995461240562673
history,DO-40-2140,1.4298949206183509,1.97694431821395
history,DO-40-2141,0.12438846703870911,0.24093085301373998
history,DO-40-2145,0.40912641726342047,0.6977816842857456
history,DO-40-2146,0.3103710998880313,0.5305137502891593
history,DO-40-2147,0.3489043717679037,0.8685374854246891
history,DO-40-2149,0.16201172799355193,0.3106048610627146
history,DO-40-2150,0.4222894392620467,0.6354972197993722
history,DO-40-2151,0.3164789491282013,0.5152825739958738
history,DO-40-2152,0.10258494167295842,0.23941737854084502
history,DO-40-2153,0.19240931757774518,0.363216978599165
history,DO-40-2156,0.11078660237880299,0.2760145861008063
history,DO-40-2157,0.6465118765196263,0.9132471134901097
history,DO-40-2158,0.23843160451674503,0.487178925395605
history,DO-40-2159,0.39556348420764925,0.6503590502391321
history,DO-40-2160,0.44998137932585547,0.6512864925897716
history,DO-40-2162,0.30750520068251164,0.477261338068524
history,DO-40-2164,0.3408429655533517,0.6635954480888787
history,DO-40-2167,0.4242551295423637,0.6956104478282622
history,DO-40-2168,0.5599978275282694,0.8283957747062053
history,DO-40-2172,0.9473582324747694,1.8590657283520895
history,DO-40-2174,0.1732082567993228,0.3503200564970091
history,DO-40-2175,0.35909911146875373,0.5927488869967266
history,DO-40-2176,0.5045527854222799,0.993033814830514
history,DO-40-2178,0.14146679289332004,0.30862142504409945
history,DO-40-2179,0.13079811843986297,0.2789703491126664
history,DO-40-2181,0.1886331321707882,0.3567271327288325
history,DO-40-2182,0.14348192309757707,0.33528909082426406
history,DO-40-2183,0.37526733225322395,0.5504156592796096
history,DO-40-2184,0.21484840143049322,0.37720901859565104
history,DO-40-2186,0.7083711599358297,1.0560286139040391
history,DO-40-2187,0.45580633422895245,0.7782288806193586
history,DO-40-2192,0.4493248108656412,0.7278570003841095
history,DO-AL-0033,0.5648377653389566,0.8084520336098526
history,DO-AL-0043,0.8165912459720726,1.2155802806299085
history,DO-AL-0102,0.08315351924229623,0.20460216016032096
history,DO-AL-0105,0.10342230916098769,0.2549044449440951
history,DO-AL-0112,0.8574561470224644,1.3702670933769654
history,DO-AL-0115,0.9981744330232134,1.300444901136398
history,DO-AL-0117,0.4022338385002069,0.6561730218506164
history,DO-AL-0118,0.2820135083926903,0.4927708944612041
history,DO-AL-0119,0.6312168948665804,1.0251858794620565
history,DO-AL-0125,0.45561374739719585,0.6848457104770341
history,DO-AL-0128,0.544450088125862,0.7984169626822439
history,DO-AL-0136,0.6829194902443038,1.0436816724479683
history,DO-AL-0140,0.6823699881253253,1.0039585652659535
history,DO-AL-0141,0.46060194541736005,0.712640013801787
history,DO-AL-0142,0.4808116499966909,0.7280851013699677
history,DO-AL-0143,0.5950659635614298,0.9504231851891665
history,DO-AL-0145,0.5243818962711604,1.2716747584208572
history,DO-AL-0147,0.9058290901987878,1.3008723924401515
history,DO-AL-0157,0.3797110011948556,0.7974000821822481
history,DO-AL-0158,0.4912877851499689,0.6932831692079344
history,DO-AL-0172,0.09011759825918507,0.2795931563665219
history,DO-AL-0180,0.4428637746068071,0.7489696019349456
duration,DO-1D-3072,0.5765528192936779,0.8178424212412332
duration,DO-1D-3074,0.1870865015904127,0.3653272670637778
duration,DO-1D-3084,0.27310864071026997,0.5087844406844454
duration,DO-1D-3092,0.6587805747075646,0.9869005549480078
duration,DO-1D-3104,0.5663770500663172,0.8065454898081831
duration,DO-1D-3110,0.5773227402948469,0.8795473400603411
duration,DO-1D-3111,0.68152004065185,1.175455545654851
duration,DO-1D-3112,0.9094077923172691,1.3110715477865278
duration,DO-1D-3114,0.40752802453964987,0.6763527720231249
duration,DO-1D-3116,0.34376705564258137,0.574500915379185
duration,DO-1D-3118,1.6420539272727286,4.237181922357903
duration,DO-1D-3123,0.4915891136357647,0.831054532405377
duration,DO-1D-3124,0.8071914289346458,1.3300863619756869
duration,DO-1D-3134,0.15773594023512003,0.34209640904701866
duration,DO-1D-3135,0.5566888320918179,0.8073561131037746
duration,DO-1D-3139,0.24755950516741973,0.4940643264537378
duration,DO-1D-3143,0.7445769988927674,1.539376192643582
duration,DO-1D-3145,0.07360050986872012,0.17310645522736604
duration,DO-1D-3146,0.23706735249677904,0.43441585572934927
duration,DO-1D-3154,0.21120511978581688,0.37817269755799876
duration,DO-1D-3155,0.4731843646415013,0.760750403803079
duration,DO-1D-3163,0.0870446975186858,0.22623739249463692
duration,DO-1D-3168,0.8535555119024065,1.4430260000511042
duration,DO-1D-3169,0.05046738074274779,0.1781635120788675
duration,DO-1D-3170,0.3356696960158716,0.5415223339747891
duration,DO-1D-3188,0.39379491557898827,0.6794930317875603
duration,DO-1D-3189,0.54242686006463,0.959229215838271
duration,DO-20-1025,0.3135397461224191,0.48059226480314543
duration,DO-20-1029,0.2558106767834694,0.5960072593510651
duration,DO-20-1040,0.24346834271828552,0.5856809285569768
duration,DO-20-1045,0.22839672888231707,0.37269671256802245
duration,DO-20-1054,0.6142142546810523,0.9537506711877983
duration,DO-20-1056,0.6889003689698282,1.0551195762901369
duration,DO-20-1064,0.40997348711234693,0.735256905768323
duration,DO-20-1065,0.647493445613594,1.1777301372557458
duration,DO-20-1066,0.34113387360828373,0.6062009336623945
duration,DO-20-1067,0.3313858112604953,0.6410773208457167
duration,DO-20-1069,0.15336352281830656,0.33929615344205266
duration,DO-20-1071,0.06702061689598249,0.15322905681885401
duration,DO-20-1074,0.1906485292173045,0.38346086049287387
duration,DO-20-1087,0.8407995129300395,1.956971421323919
duration,DO-20-1097,0.5500530411355044,1.0912799490193485
duration,DO-20-1098,0.6822324047071352,1.0532242443453856
duration,DO-20-1100,0.46869239287092546,0.7966161838808157
duration,DO-20-1101,0.5235462605451521,0.7887325013238475
duration,DO-20-1109,0.5308609853683703,0.7972716500938866
duration,DO-20-1116,0.24022882069132412,0.44252630491554107
duration,DO-20-1122,0.6492609615849257,0.9322431204458006
duration,DO-20-1123,0.3673403736734136,0.6208574149352699
duration,DO-20-1124,0.4598701741002868,0.6882037486730465
duration,DO-20-1126,0.5638899906602012,0.8513912048284649
duration,DO-20-1127,0.4429905668856298,0.6920595104070713
duration,DO-20-1128,0.3282342358469828,0.5197440956411566
duration,DO-20-1129,0.3444488268578165,0.5729414327943836
duration,DO-20-1132,1.3979144705744586,2.416478726188826
duration,DO-20-1135,0.6484571758318931,1.039308166305321
duration,DO-20-1136,0.2379852768701307,0.47049003879183227
duration,DO-20-1138,1.4169314795402785,2.9760086197102984
duration,DO-20-1146,0.22771840217618397,0.413592947347178
duration,DO-20-1147,0.45893187915812117,0.6725090017712951
duration,DO-20-1151,0.3738319002808304,0.5997040668454277
duration,DO-20-1152,0.316997840322533,0.5799126932072555
duration,DO-20-1156,0.5601433152447434,0.950046342160504
duration,DO-20-1157,0.3768496784364593,0.5786759037417617
duration,DO-20-1158,0.2388606177219196,0.4557896262469122
duration,DO-20-1164,0.6359149623723291,1.1480032527126929
duration,DO-20-1168,0.49410349249203983,0.7666819947441135
duration,DO-20-1170,0.40626447732280335,0.6523566136766742
duration,DO-20-1178,0.5413559252463873,1.003456821564495
duration,DO-20-1179,0.5354875679637705,0.7796040415786543
duration,DO-20-1183,0.18219263864712715,0.33846192245823575
duration,DO-20-1186,0.23107516892153568,0.45132109171304113
duration,DO-20-1188,0.11157305275646796,0.2513813519224241
duration,DO-20-1189,0.1577894494550209,0.3014534423288597
duration,DO-20-1190,0.7735402814723111,1.0653502428499502
duration,DO-2D-4039,0.08935318050463141,0.19388099692843336
duration,DO-2D-4043,0.4472574188402142,0.668562389084665
duration,DO-2D-4062,0.14516192421899932,0.30820394566122367
duration,DO-2D-4079,0.8511439377757288,2.2825527117652715
duration,DO-2D-4083,0.49956907241647225,0.9706192490004654
duration,DO-2D-4084,0.5026513116010642,0.8481939790195685
duration,DO-2D-4092,0.5460184571237388,0.8383462718258798
duration,DO-2D-4097,0.03551004267841515,0.13251293909056397
duration,DO-2D-4099,0.5286346883017312,0.8309896808795856
duration,DO-2D-4112,1.1366195371879506,2.3919867714719634
duration,DO-2D-4113,0.4229240623043872,0.624514031419992
duration,DO-2D-4114,0.4779704198463622,0.71899616547614
duration,DO-2D-4119,0.6167134799873272,1.2822754819478401
duration,DO-2D-4122,0.5065375716194738,0.8638424674268418
duration,DO-2D-4123,0.5646072746381701,0.7581698586499843
duration,DO-2D-4124,0.5828911947673567,0.7857827789399914
duration,DO-2D-4128,0.6359676231133811,1.1938221486680467
duration,DO-2D-4130,0.6516479808463651,1.352349447695428
duration,DO-2D-4132,0.38192120124410633,0.5827274382494151
duration,DO-2D-4133,0.6411611262676479,0.8445543630874801
duration,DO-2D-4143,0.5749690329327998,0.8249420045683806
duration,DO-2D-4145,0.6018351327607278,0.8486308808080644
duration,DO-2D-4148,0.3427506592750777,0.5620998872131899
duration,DO-2D-4149,0.447643736792912,0.6656428686168177
duration,DO-2D-4150,0.06726498120539615,0.18894668452353006
duration,DO-2D-4151,0.3301964717054655,0.5294986469173879
duration,DO-2D-4157,0.51657337236004,0.7771936470372895
duration,DO-2D-4158,0.4998625238380292,0.7274558931284655
duration,DO-2D-4162,0.025326524439397688,0.13798549589847417
duration,DO-2D-4165,0.5624696344884962,0.8108483484505455
duration,DO-2D-4167,0.7118502858979596,1.2079762091237891
duration,DO-2D-4168,0.14288221532843073,0.3135026910911471
duration,DO-2D-4171,0.6072736013761546,0.9469452775517251
duration,DO-2D-4172,0.7746700364799984,1.235347550426358
duration,DO-2D-4174,0.8619608215602378,1.5048536647483903
duration,DO-2D-4180,0.31675601182167074,0.882202305896593
duration,DO-2D-4184,0.2049484040951147,0.41093429345973975
duration,DO-2D-4186,0.36786204973876974,0.6216437335728685
duration,DO-2D-4190,0.7275160554986451,1.4015485940258063
duration,DO-2D-4192,0.7489914023910115,1.0558692838307897
duration,DO-40-2016,0.23672082666726985,0.3597565401503255
duration,DO-40-2024,0.37223950241603904,0.6435091962625475
duration,DO-40-2028,0.18913293717639784,0.4121427777027485
duration,DO-40-2039,0.382060801821735,0.8543316967111088
duration,DO-40-2050,0.21830212229733034,0.371146698016476
duration,DO-40-2056,0.37966820119670236,0.6512993052516509
duration,DO-40-2059,0.44991445974227684,0.707191239701344
duration,DO-40-2061,0.05237127476660538,0.1508676196821045
duration,DO-40-2066,0.7162728009637505,0.9669284353403871
duration,DO-40-2070,0.12703668626969755,0.241357300354047
duration,DO-40-2073,0.3091272980461442,0.5417775249230956
duration,DO-40-2077,0.14448613202518454,0.4188521853772279
duration,DO-40-2078,0.0017492889329099779,0.030026211832382858
duration,DO-40-2081,0.6057985884407189,0.9142945536815341
duration,DO-40-2087,0.34162650774548714,0.5413491508455335
duration,DO-40-2088,0.18002980075209632,0.38420079484009567
duration,DO-40-2092,0.0658453403359063,0.21087429614001255
duration,DO-40-2094,0.14812540467968185,0.3766118795958616
duration,DO-40-2097,0.4109644286917354,0.6206202012088998
duration,DO-40-2099,0.3357404718021141,0.5516201305371271
duration,DO-40-2101,0.29568782923736764,0.49885202430274983
duration,DO-40-2102,0.5409327862508986,0.7671792467499107
duration,DO-40-2107,0.22163028116790193,0.3783454016203515
duration,DO-40-2108,0.020641537616013447,0.11727980844499926
duration,DO-40-2111,0.1464737262093151,0.259958202308095
duration,DO-40-2113,0.49407438431210404,0.7207902994270914
duration,DO-40-2114,0.679252782962361,0.9458942597157538
duration,DO-40-2115,0.1524428115467871,0.28630411518330523
duration,DO-40-2116,0.6238966391024523,0.906668072934971
duration,DO-40-2117,0.5385108695136844,0.7952845864202646
duration,DO-40-2118,0.3733955184533947,0.5895397956654532
duration,DO-40-2123,0.47205208195901105,0.7335840229639179
duration,DO-40-2124,0.20348211894261073,0.39804938239567766
duration,DO-40-2125,0.5637832173634809,0.9629643712078562
duration,DO-40-2126,0.34698046036349406,0.5542836925377849
duration,DO-40-2130,0.04202037229006119,0.14391620593406612
duration,DO-40-2133,0.2926159807626407,0.541345682175743
duration,DO-40-2135,0.40934264825352745,0.6231208655750091
duration,DO-40-2136,0.2067646494505737,0.3671794732443101
duration,DO-40-2137,0.5051579165566117,0.7242913537127982
duration,DO-40-2140,1.5005976141568507,2.12027883971858
duration,DO-40-2141,0.11934916819049922,0.22105983148650507
duration,DO-40-2145,0.4169498069151538,0.7016184351675645
duration,DO-40-2146,0.3138309889834953,0.528913335130485
duration,DO-40-2147,0.3375619930776479,0.8183656509460846
duration,DO-40-2149,0.1714297464501401,0.3447943239987464
duration,DO-40-2150,0.40422790619284515,0.6192075355477257
duration,DO-40-2151,0.3202084448643098,0.5096677064260132
duration,DO-40-2152,0.10469547036644243,0.23234267766314187
duration,DO-40-2153,0.18449332981994765,0.331533135523889
duration,DO-40-2156,0.10863467779643822,0.26594834002455076
duration,DO-40-2157,0.675351456665454,0.9345897623594664
duration,DO-40-2158,0.2304591284083543,0.45690451086084055
duration,DO-40-2159,0.39839010693839955,0.6532223965042669
duration,DO-40-2160,0.4396683491816733,0.637752828329063
duration,DO-40-2162,0.32110064591951876,0.494758124016614
duration,DO-40-2164,0.35230975974312956,0.6918578315301062
duration,DO-40-2167,0.42975683339692183,0.7013961292404979
duration,DO-40-2168,0.5419807538553538,0.8148351361455248
duration,DO-40-2172,0.9712422320563115,1.804168597791506
duration,DO-40-2174,0.20146977663785676,0.3834923703873487
duration,DO-40-2175,0.38864994816287063,0.6216146813351727
duration,DO-40-2176,0.4711089360421003,0.9474294729500217
duration,DO-40-2178,0.13991675413472965,0.2945893346615311
duration,DO-40-2179,0.13645693072286602,0.28423895953721356
duration,DO-40-2181,0.17039891072579944,0.31679585599864446
duration,DO-40-2182,0.1420685894108606,0.33597677434402756
duration,DO-40-2183,0.4163703674919009,0.586819116292464
duration,DO-40-2184,0.23204077236818257,0.3981453011148597
duration,DO-40-2186,0.7029901351590733,1.0370116528696305
duration,DO-40-2187,0.4909071648519388,0.813891722728543
duration,DO-40-2192,0.4928435130693187,0.7856717011616013
duration,DO-AL-0033,0.548105934464724,0.811039052884726
duration,DO-AL-0043,0.8204358934944941,1.2250540459076846
duration,DO-AL-0102,0.08714310099191504,0.1979565749086079
duration,DO-AL-0105,0.11517016034378799,0.2663253124472656
duration,DO-AL-0112,0.8201626333342539,1.2510898455217248
duration,DO-AL-0115,0.9375913992278982,1.2121389636626945
duration,DO-AL-0117,0.4076439585121244,0.6522912925107035
duration,DO-AL-0118,0.28884227416716374,0.4857877945852229
duration,DO-AL-0119,0.6390826559410905,1.0433064321287888
duration,DO-AL-0125,0.42898081692303436,0.6505331796659044
duration,DO-AL-0128,0.5417687096070621,0.8152341391800136
duration,DO-AL-0136,0.674625412510151,1.0171426272575592
duration,DO-AL-0140,0.6491935483923216,0.9725861048767472
duration,DO-AL-0141,0.4552447185674395,0.7046599906303482
duration,DO-AL-0142,0.46290818797512145,0.7151845476292864
duration,DO-AL-0143,0.5801429424262059,0.9422314795664034
duration,DO-AL-0145,0.5364376861652859,1.3210497604230191
duration,DO-AL-0147,1.0227161943031011,1.4964465821525392
duration,DO-AL-0157,0.3696650792603427,0.8177924005810479
duration,DO-AL-0158,0.4707683328338087,0.6705368359228124
duration,DO-AL-0172,0.09081561669643347,0.2789159104370862
duration,DO-AL-0180,0.4279493753743445,0.739341262936376
duration_hgb,DO-1D-3072,0.33416499949548145,0.5203368440719637
duration_hgb,DO-1D-3074,0.1035268089466397,0.2338550003005082
duration_hgb,DO-1D-3084,0.2740975191054737,0.5922798269650541
duration_hgb,DO-1D-3092,0.5797766310263783,0.8229623029593855
duration_hgb,DO-1D-3104,0.4182541872270372,0.612948808619466
duration_hgb,DO-1D-3110,0.5215403535220717,0.7815398492161734
duration_hgb,DO-1D-3111,0.7506010026280622,1.3020805453153856
duration_hgb,DO-1D-3112,0.723249982321098,1.226498822430702
duration_hgb,DO-1D-3114,0.5097261295960424,0.7581252958570749
duration_hgb,DO-1D-3116,0.5066477868755683,0.7854794166081209
duration_hgb,DO-1D-3118,0.9267749228695394,1.540813640466637
duration_hgb,DO-1D-3123,0.2536549129693375,0.43374592925107497
duration_hgb,DO-1D-3124,0.6963953017975778,1.009317890858478
duration_hgb,DO-1D-3134,0.26031645202612935,0.4425518983237382
duration_hgb,DO-1D-3135,0.5839175601581791,0.9498986110159002
duration_hgb,DO-1D-3139,0.36388788192192645,0.6862296561585811
duration_hgb,DO-1D-3143,0.7028030202473731,1.434430488834856
duration_hgb,DO-1D-3145,0.0307846826285331,0.12310566146022234
duration_hgb,DO-1D-3146,0.05470529907065517,0.18229742783416059
duration_hgb,DO-1D-3154,0.08979975526813681,0.21271021309533972
duration_hgb,DO-1D-3155,0.529172283301077,1.0532834607150583
duration_hgb,DO-1D-3163,0.2522796295381904,0.3929278452361927
duration_hgb,DO-1D-3168,0.8472605803971118,1.4674224637807909
duration_hgb,DO-1D-3169,0.18550919103422936,0.3772433116083525
duration_hgb,DO-1D-3170,0.44633564446010243,0.6614665586752121
duration_hgb,DO-1D-3188,0.4192664334275891,0.7356131821279351
duration_hgb,DO-1D-3189,0.5379280772642049,1.0681982360774083
duration_hgb,DO-20-1025,0.31179025850677966,0.47924466118652276
duration_hgb,DO-20-1029,0.27962477810647596,0.4919170918029696
duration_hgb,DO-20-1040,0.120617312543752,0.34987534319683683
duration_hgb,DO-20-1045,0.3087107373771284,0.5127894898554651
duration_hgb,DO-20-1054,0.511597140530882,0.7644343549282024
duration_hgb,DO-20-1056,0.6805124886339665,1.1954306751290067
duration_hgb,DO-20-1064,0.27040334240152497,0.5893335621339156
duration_hgb,DO-20-1065,0.553831384756353,0.9572911980358786
duration_hgb,DO-20-1066,0.38059548360645395,0.6528106603907778
duration_hgb,DO-20-1067,0.32104319387420416,0.745474123428011
duration_hgb,DO-20-1069,0.14482845695928862,0.3204739288110006
duration_hgb,DO-20-1071,0.08770550967941848,0.2068692364438768
duration_hgb,DO-20-1074,0.1522118940585407,0.3405652800883354
duration_hgb,DO-20-1087,1.2286703397608074,1.9052327570118157
duration_hgb,DO-20-1097,0.3856208099830202,0.6396230820119679
duration_hgb,DO-20-1098,0.5637502359900467,0.9228844249618638
duration_hgb,DO-20-1100,0.4616779889852661,0.8020814101048575
duration_hgb,DO-20-1101,0.5574288571039371,0.8209941583682953
duration_hgb,DO-20-1109,0.530777927525453,0.8033332483104859
duration_hgb,DO-20-1116,0.09613935441397503,0.2603121046384114
duration_hgb,DO-20-1122,0.6501104293008172,0.943792314437373
duration_hgb,DO-20-1123,0.27558428592162154,0.5129113302212301
duration_hgb,DO-20-1124,0.38492231410715977,0.5945888399545587
duration_hgb,DO-20-1126,0.3981246202801521,0.6432962215256453
duration_hgb,DO-20-1127,0.4310744589393482,0.6721104095090041
duration_hgb,DO-20-1128,0.2687224695317301,0.4985232607606294
duration_hgb,DO-20-1129,0.316126537881792,0.5444566104953004
duration_hgb,DO-20-1132,0.473508213193088,0.8038342793631921
duration_hgb,DO-20-1135,0.6935311657368968,1.2041508408143784
duration_hgb,DO-20-1136,0.24659917870813194,0.44005783527625486
duration_hgb,DO-20-1138,1.6493178415618086,4.532285976645296
duration_hgb,DO-20-1146,0.1703572693689856,0.3353912691770408
duration_hgb,DO-20-1147,0.7007606642992276,0.9590114254300885
duration_hgb,DO-20-1151,0.4306148819391793,0.6700892511852855
duration_hgb,DO-20-1152,0.2529658911234423,0.46734553495166087
duration_hgb,DO-20-1156,0.5610273796121166,0.8390839021242893
duration_hgb,DO-20-1157,0.4408548480684421,0.6418397867612613
duration_hgb,DO-20-1158,0.17652806408654062,0.32949415355256745
duration_hgb,DO-20-1164,0.775895549729538,1.359255454918015
duration_hgb,DO-20-1168,0.7489309667444566,1.0004895387551171
duration_hgb,DO-20-1170,0.23909338970173843,0.5121023560217797
duration_hgb,DO-20-1178,0.47514131532052467,0.7704332543040078
duration_hgb,DO-20-1179,0.3076542844181858,0.5234018793938787
duration_hgb,DO-20-1183,0.1143557070147349,0.23502383822361872
duration_hgb,DO-20-1186,0.2582518720471814,0.5033150228084305
duration_hgb,DO-20-1188,0.08871731234179563,0.22126074982303018
duration_hgb,DO-20-1189,0.14049396235347464,0.29422150788569934
duration_hgb,DO-20-1190,0.5791363752885109,0.8859926614372913
duration_hgb,DO-2D-4039,0.13025434678152445,0.2926114864938938
duration_hgb,DO-2D-4043,0.4658850731938503,0.6947969433205283
duration_hgb,DO-2D-4062,0.1177479816451686,0.26410937251885885
duration_hgb,DO-2D-4079,0.8679572640894248,1.851135213328144
duration_hgb,DO-2D-4083,0.6014339950242721,1.1217865372461284
duration_hgb,DO-2D-4084,0.4586973841285219,0.7562385327170352
duration_hgb,DO-2D-4092,0.5996381341063433,0.8321284560280325
duration_hgb,DO-2D-4097,0.0568852456091285,0.1683619305385373
duration_hgb,DO-2D-4099,0.44990018476221233,0.6982676354541596
duration_hgb,DO-2D-4112,1.0174357066570148,2.7905619761869374
duration_hgb,DO-2D-4113,0.2870446513551067,0.47600708072195935
duration_hgb,DO-2D-4114,0.5988253380241717,0.8610433544883098
duration_hgb,DO-2D-4119,0.6435005007624396,1.0558208435343899
duration_hgb,DO-2D-4122,0.5529127516916262,0.9881610006034115
duration_hgb,DO-2D-4123,0.6000655805587913,0.8142117113269002
duration_hgb,DO-2D-4124,0.1818195917575623,0.3410008424805187
duration_hgb,DO-2D-4128,0.6067910783512173,1.011322206044662
duration_hgb,DO-2D-4130,0.6662870633792175,1.3713750842271937
duration_hgb,DO-2D-4132,0.36259721541227846,0.557387657419449
duration_hgb,DO-2D-4133,0.37547343085523327,0.7487431886207055
duration_hgb,DO-2D-4143,0.558111281527158,0.8241096380948327
duration_hgb,DO-2D-4145,0.5529920781617265,0.8337892278201617
duration_hgb,DO-2D-4148,0.2940412053349156,0.5079326958406063
duration_hgb,DO-2D-4149,0.4217712684244381,0.6459472141209754
duration_hgb,DO-2D-4150,0.016558140503033968,0.08774528428830124
duration_hgb,DO-2D-4151,0.32250362818631567,0.48862563313800045
duration_hgb,DO-2D-4157,0.4329291504649304,0.6825257302571763
duration_hgb,DO-2D-4158,0.27364295066433564,0.4888178005786649
duration_hgb,DO-2D-4162,0.016751874376032348,0.11154419240846898
duration_hgb,DO-2D-4165,0.47495797226211256,0.8680562438828483
duration_hgb,DO-2D-4167,0.7380919291624948,1.1771081429565935
duration_hgb,DO-2D-4168,0.3995334069736006,0.5969626423608796
duration_hgb,DO-2D-4171,0.571217207406455,0.8512266303900962
duration_hgb,DO-2D-4172,0.644860181535979,1.0008849293213558
duration_hgb,DO-2D-4174,0.933783287920515,2.172920426598473
duration_hgb,DO-2D-4180,0.3335918381923673,0.9056418332822119
duration_hgb,DO-2D-4184,0.10879145332125716,0.2222389465080925
duration_hgb,DO-2D-4186,0.28222628913256004,0.4773780825346181
duration_hgb,DO-2D-4190,0.5770377613857733,1.3333780269948499
duration_hgb,DO-2D-4192,0.6228064399980746,0.8716553472731189
duration_hgb,DO-40-2016,0.40592581745445894,0.5985063278345609
duration_hgb,DO-40-2024,0.229899880287586,0.38651432606341946
duration_hgb,DO-40-2028,0.1001121530219577,0.2992571411241671
duration_hgb,DO-40-2039,0.43516799595001987,1.1676783912395245
duration_hgb,DO-40-2050,0.11404929647736153,0.22080055913577093
duration_hgb,DO-40-2056,0.3945804445614268,0.7065688708917863
duration_hgb,DO-40-2059,0.5147627466657315,0.7845475552311251
duration_hgb,DO-40-2061,0.03137549564461254,0.10625846464092033
duration_hgb,DO-40-2066,1.820149777425581,3.212363881188474
duration_hgb,DO-40-2070,0.18177758485979142,0.33043458645707935
duration_hgb,DO-40-2073,0.34801855172224117,0.561529943606372
duration_hgb,DO-40-2077,0.1239283254580883,0.39578160427345316
duration_hgb,DO-40-2078,0.0003846401448722868,0.014579426436454348
duration_hgb,DO-40-2081,0.5249064510735753,0.7963104485083544
duration_hgb,DO-40-2087,0.36302775115838387,0.5767778557435064
duration_hgb,DO-40-2088,0.16641252164503986,0.377393978772878
duration_hgb,DO-40-2092,0.32648195803717267,0.5307687098947648
duration_hgb,DO-40-2094,0.05731393231412686,0.20764377561265837
duration_hgb,DO-40-2097,0.6290093678885879,0.917320285595047
duration_hgb,DO-40-2099,0.3071477474183609,0.5054738428038132
duration_hgb,DO-40-2101,0.17198285836263455,0.35177829833005925
duration_hgb,DO-40-2102,0.44119775352833024,0.6385742957697298
duration_hgb,DO-40-2107,0.20063666816518502,0.38040040254194046
duration_hgb,DO-40-2108,0.005645632610432117,0.05802461775467182
duration_hgb,DO-40-2111,0.09552418370548892,0.23229320324185598
duration_hgb,DO-40-2113,0.41344745106490527,0.6265731267647824
duration_hgb,DO-40-2114,0.33648868810692184,0.5164260891665964
duration_hgb,DO-40-2115,0.11468740863073106,0.24032650706429715
duration_hgb,DO-40-2116,0.5843132618414539,0.8506011195766258
duration_hgb,DO-40-2117,0.5051275179653649,0.7480952577995776
duration_hgb,DO-40-2118,0.3802884624677865,0.5952387553046973
duration_hgb,DO-40-2123,0.49432489982815825,0.7982279396562363
duration_hgb,DO-40-2124,0.18633878994287062,0.3895806020778109
duration_hgb,DO-40-2125,0.6098452363492487,0.9027918162985629
duration_hgb,DO-40-2126,0.33577536407518693,0.5376457592205878
duration_hgb,DO-40-2130,0.04330013913524621,0.1479345908704513
duration_hgb,DO-40-2133,0.29055877363030874,0.5481852459247047
duration_hgb,DO-40-2135,0.43142121228611535,0.6576404520709375
duration_hgb,DO-40-2136,0.09848703865853974,0.23279409001630372
duration_hgb,DO-40-2137,0.40413189855898957,0.5730550088309639
duration_hgb,DO-40-2140,0.7991019793816755,1.1550410374818862
duration_hgb,DO-40-2141,0.15437757242185704,0.29070764240649993
duration_hgb,DO-40-2145,0.34766292814909544,0.5917706873840518
duration_hgb,DO-40-2146,0.34592665540802536,0.5255276308090225
duration_hgb,DO-40-2147,0.26134536489827775,0.9409924862216982
duration_hgb,DO-40-2149,0.15102600549069217,0.2651924535506363
duration_hgb,DO-40-2150,0.5895870441385737,0.9416090501905371
duration_hgb,DO-40-2151,0.24807321021234185,0.44962355371413865
duration_hgb,DO-40-2152,0.1254056463798676,0.29364088256335336
duration_hgb,DO-40-2153,0.11247164904242395,0.2283718294952748
duration_hgb,DO-40-2156,0.09178480442991363,0.24067939861037882
duration_hgb,DO-40-2157,0.7351768988942032,1.0420786382910752
duration_hgb,DO-40-2158,0.15350346592177125,0.3583640722044784
duration_hgb,DO-40-2159,0.4222804153713691,0.7547188359420679
duration_hgb,DO-40-2160,0.45135324850990155,0.6469098570745488
duration_hgb,DO-40-2162,0.39112044867405116,0.5920692425582924
duration_hgb,DO-40-2164,0.3220054487680047,0.5964988622140757
duration_hgb,DO-40-2167,0.42390410856844885,0.6553482295361128
duration_hgb,DO-40-2168,0.5968911507867669,0.8567742295111033
duration_hgb,DO-40-2172,1.0728712213821046,2.1499740166133607
duration_hgb,DO-40-2174,0.2617150419481845,0.45078805611507944
duration_hgb,DO-40-2175,0.18846426963089663,0.37432738676301985
duration_hgb,DO-40-2176,0.5138816681329429,0.9297854083637385
duration_hgb,DO-40-2178,0.14684455095022636,0.37262717214278734
duration_hgb,DO-40-2179,0.1321002173971528,0.2808589392237469
duration_hgb,DO-40-2181,0.23919948047945977,0.4036316368277805
duration_hgb,DO-40-2182,0.17778860624435366,0.38294957365733323
duration_hgb,DO-40-2183,0.3865165670620642,0.5810808124208338
duration_hgb,DO-40-2184,0.23202004929314354,0.37749304217275526
duration_hgb,DO-40-2186,0.5368159001644661,0.7835062934023235
duration_hgb,DO-40-2187,0.47739943046102334,0.7963701124913963
duration_hgb,DO-40-2192,0.4051497249466027,0.5989232725464689
duration_hgb,DO-AL-0033,0.574364824060026,0.966033402795694
duration_hgb,DO-AL-0043,0.22595161751008253,0.41203653189665945
duration_hgb,DO-AL-0102,0.04082573999614509,0.13896473494647596
duration_hgb,DO-AL-0105,0.1465272321780359,0.3279210501261477
duration_hgb,DO-AL-0112,0.48783666589050395,0.6348146327395779
duration_hgb,DO-AL-0115,0.5655301179289208,0.7930100111854403
duration_hgb,DO-AL-0117,0.3802592404817072,0.6422907833029557
duration_hgb,DO-AL-0118,0.2066755366195,0.36065220314549823
duration_hgb,DO-AL-0119,0.8415298443868945,1.4519340785089683
duration_hgb,DO-AL-0125,0.38868347412486354,0.5812709553673174
duration_hgb,DO-AL-0128,0.3027001781391767,0.4853816116724311
duration_hgb,DO-AL-0136,0.6680880466018996,1.000566935664129
duration_hgb,DO-AL-0140,0.7253754131587741,1.061921886946054
duration_hgb,DO-AL-0141,0.5471782802883742,0.7857651281341598
duration_hgb,DO-AL-0142,0.5431127960179766,0.9676137799698588
duration_hgb,DO-AL-0143,0.48519543249213737,0.8345551487884748
duration_hgb,DO-AL-0145,0.6426905904973634,1.6927822927709408
duration_hgb,DO-AL-0147,0.17314830306570803,0.3446618953511688
duration_hgb,DO-AL-0157,0.5027713506523882,0.8506746533185918
duration_hgb,DO-AL-0158,0.8770511515982684,1.1335628176576162
duration_hgb,DO-AL-0172,0.012222000234551373,0.09333970631036825
duration_hgb,DO-AL-0180,0.5931612954137265,0.852437913004781
candidate,DO-1D-3072,0.5843642951486594,0.8141785346412489
candidate,DO-1D-3074,0.08929482136507981,0.21009937729852446
candidate,DO-1D-3084,0.20962333275141362,0.4317428967913732
candidate,DO-1D-3092,0.679811711367578,0.9964973395713993
candidate,DO-1D-3104,0.36561868865605995,0.5500750535809127
candidate,DO-1D-3110,0.51690643667308,0.914334179252696
candidate,DO-1D-3111,0.6319823269172231,1.1252335809037157
candidate,DO-1D-3112,0.5479846296309137,0.928848248605154
candidate,DO-1D-3114,0.3921381561955941,0.6359086268562605
candidate,DO-1D-3116,0.4795498539802228,0.7519899631198357
candidate,DO-1D-3118,1.4692263654586082,3.686620150901053
candidate,DO-1D-3123,0.24725532206647416,0.4339693453257291
candidate,DO-1D-3124,0.8149535873837529,1.2761756262256516
candidate,DO-1D-3134,0.28408149909800784,0.49651835369472264
candidate,DO-1D-3135,0.5931859739941883,0.8561343053769165
candidate,DO-1D-3139,0.4031770908654828,0.7745382044500327
candidate,DO-1D-3143,0.7123157780447527,1.5575594323661153
candidate,DO-1D-3145,0.028721350559783337,0.12002699427790006
candidate,DO-1D-3146,0.1401491219783398,0.3217146849134002
candidate,DO-1D-3154,0.0658264601936919,0.18748131328481074
candidate,DO-1D-3155,0.49092833235683475,0.7809893636660936
candidate,DO-1D-3163,0.024909331825662902,0.1145141970491255
candidate,DO-1D-3168,0.8372651769437054,1.4657707250769434
candidate,DO-1D-3169,0.045604854455428945,0.168414677884082
candidate,DO-1D-3170,0.28543317932640155,0.4704900946928621
candidate,DO-1D-3188,0.3877058816134814,0.6856976101388834
candidate,DO-1D-3189,0.5301083906078193,1.0635110971056545
candidate,DO-20-1025,0.22608790813760313,0.3815782099986732
candidate,DO-20-1029,0.1924852890526606,0.3409677160455522
candidate,DO-20-1040,0.12390670241221542,0.35092180047470845
candidate,DO-20-1045,0.24967067745973223,0.40936734767193256
candidate,DO-20-1054,0.5328736637934056,0.76787144203751
candidate,DO-20-1056,0.6229140676016586,0.9960001241583847
candidate,DO-20-1064,0.33140124256459524,0.6029715188569611
candidate,DO-20-1065,0.6288077975301203,1.0818235568085706
candidate,DO-20-1066,0.4013957894772933,0.6548838424301545
candidate,DO-20-1067,0.3230449853038639,0.734972036792418
candidate,DO-20-1069,0.11761083062074244,0.28655557899487205
candidate,DO-20-1071,0.1016377307432354,0.1941019834634124
candidate,DO-20-1074,0.21881941355630635,0.4017063519767811
candidate,DO-20-1087,0.9324028132364085,1.8384618361708132
candidate,DO-20-1097,0.5088005572891856,0.9960577694294939
candidate,DO-20-1098,0.5369101204640474,1.0747650984179906
candidate,DO-20-1100,0.48242085277659896,0.8488419607344463
candidate,DO-20-1101,0.491138025267114,0.7177333815816703
candidate,DO-20-1109,0.4796555113617225,0.7369654298894429
candidate,DO-20-1116,0.07020236050530126,0.21419613803257867
candidate,DO-20-1122,0.5835119704358969,0.8567607202796226
candidate,DO-20-1123,0.28440720105111805,0.5103858690951211
candidate,DO-20-1124,0.4247865822826003,0.6444025535025234
candidate,DO-20-1126,0.5423766250086252,0.8096850796939831
candidate,DO-20-1127,0.3236788227745784,0.5381925778865553
candidate,DO-20-1128,0.16135471498631446,0.32765691883915404
candidate,DO-20-1129,0.2842786622266374,0.503660709834285
candidate,DO-20-1132,1.4817755102812744,2.598021069286353
candidate,DO-20-1135,0.7269688613511762,1.2601400117010275
candidate,DO-20-1136,0.23515154476211717,0.4586180195449756
candidate,DO-20-1138,1.839906557332649,6.144560219098311
candidate,DO-20-1146,0.23560358149182747,0.42535388135606456
candidate,DO-20-1147,0.6979351826567696,0.9348194230047706
candidate,DO-20-1151,0.40131397801935764,0.6551827711516963
candidate,DO-20-1152,0.2359808813886775,0.5063984244476469
candidate,DO-20-1156,0.4938713594887637,0.8670117672667651
candidate,DO-20-1157,0.3866696096390024,0.5910075127305723
candidate,DO-20-1158,0.20100098157548185,0.38402257055357397
candidate,DO-20-1164,0.6671967167064332,1.2170865591726745
candidate,DO-20-1168,0.4536845427148986,0.6510977691300605
candidate,DO-20-1170,0.22766491644045017,0.50190304185011
candidate,DO-20-1178,0.4419321299511363,0.7206069245030811
candidate,DO-20-1179,0.2739385963717853,0.4301346333709397
candidate,DO-20-1183,0.12123862511847865,0.23429560166184765
candidate,DO-20-1186,0.2531960745790458,0.49215723213736406
candidate,DO-20-1188,0.07948441564343604,0.17394685001868868
candidate,DO-20-1189,0.1746015149678385,0.31198601660044173
candidate,DO-20-1190,0.47027437119859816,0.7099896306699139
candidate,DO-2D-4039,0.13262015572011387,0.30542901493379454
candidate,DO-2D-4043,0.6214848301258504,0.850921519891227
candidate,DO-2D-4062,0.10134519005085088,0.23567433310151129
candidate,DO-2D-4079,0.8091715961702217,2.3629782442573446
candidate,DO-2D-4083,0.5379718622028195,1.1477032496371826
candidate,DO-2D-4084,0.5236359222281408,0.8768398878229426
candidate,DO-2D-4092,0.5472217877105829,0.8229874518526319
candidate,DO-2D-4097,0.019397112042286217,0.10526501980780557
candidate,DO-2D-4099,0.5453412032485273,0.8402367716511021
candidate,DO-2D-4112,1.0529223638006784,2.6299549400780173
candidate,DO-2D-4113,0.33332891320276076,0.513859647878582
candidate,DO-2D-4114,0.42976028207255956,0.648817297825186
candidate,DO-2D-4119,0.7568636316987734,1.2856815587110746
candidate,DO-2D-4122,0.4706583572508549,0.8466090764407559
candidate,DO-2D-4123,0.7352808411305811,0.9325955281154666
candidate,DO-2D-4124,0.6405232089503758,0.8435656044435916
candidate,DO-2D-4128,0.6063715378596779,1.113380230990816
candidate,DO-2D-4130,0.6435596354906112,1.1042331878313316
candidate,DO-2D-4132,0.3430970046310735,0.5241075697678093
candidate,DO-2D-4133,0.580102893751886,0.757238769842646
candidate,DO-2D-4143,0.543893513240115,0.7851554672317013
candidate,DO-2D-4145,0.8046162141366136,1.1141497687630462
candidate,DO-2D-4148,0.25160535356218133,0.47914215231495927
candidate,DO-2D-4149,0.34414855273011347,0.5673545181261693
candidate,DO-2D-4150,0.01375653191577808,0.08208223881722809
candidate,DO-2D-4151,0.29273811950185624,0.47348596615045235
candidate,DO-2D-4157,0.5939701012869839,0.8581537819237777
candidate,DO-2D-4158,0.34056587659460086,0.5782171074913773
candidate,DO-2D-4162,0.01584883555307912,0.10354979055580285
candidate,DO-2D-4165,0.4039224096276513,0.6757493187403718
candidate,DO-2D-4167,0.8075180597542944,1.3209029164234616
candidate,DO-2D-4168,0.08395009014687674,0.230465645169965
candidate,DO-2D-4171,0.5653842384419467,0.8401092946553078
candidate,DO-2D-4172,0.5685643913958068,0.9804508461943003
candidate,DO-2D-4174,0.9583394736014003,2.2711623127854357
candidate,DO-2D-4180,0.32436346623555207,0.8992322700873032
candidate,DO-2D-4184,0.2736789983080566,0.46793101041201174
candidate,DO-2D-4186,0.23832351783085345,0.41840133012044634
candidate,DO-2D-4190,0.5842125635465999,1.109365710487678
candidate,DO-2D-4192,0.6125153124948469,0.8921709771428934
candidate,DO-40-2016,0.47849193878236196,0.7427643079813604
candidate,DO-40-2024,0.21489688221079217,0.3442559305672305
candidate,DO-40-2028,0.10655336215689801,0.33532588938328955
candidate,DO-40-2039,0.4326284170873602,1.118957433335223
candidate,DO-40-2050,0.08932386065126514,0.1848006370480582
candidate,DO-40-2056,0.37075819177413766,0.6447060842568053
candidate,DO-40-2059,0.4565327838697716,0.7145195441654599
candidate,DO-40-2061,0.06567914602281794,0.16918275011432757
candidate,DO-40-2066,0.9847383048335032,1.3053831759598067
candidate,DO-40-2070,0.17569338150352468,0.3253560674648617
candidate,DO-40-2073,0.3317112802396824,0.5545137553652992
candidate,DO-40-2077,0.11078638696858922,0.3609193919645691
candidate,DO-40-2078,0.0026654998771431966,0.03859579414473647
candidate,DO-40-2081,0.47684543667379403,0.7327042061647185
candidate,DO-40-2087,0.31033557891156116,0.5136709451436657
candidate,DO-40-2088,0.16014573864140794,0.3673602024267856
candidate,DO-40-2092,0.5206273541642961,0.7247920866139361
candidate,DO-40-2094,0.026051565089450914,0.13031500487343467
candidate,DO-40-2097,0.6983608629035462,0.9299542378026441
candidate,DO-40-2099,0.3002743627568828,0.5250338103241021
candidate,DO-40-2101,0.4199946195503383,0.6267039604258615
candidate,DO-40-2102,0.5008498491601712,0.7056006487857683
candidate,DO-40-2107,0.21651616300388954,0.3898631967771323
candidate,DO-40-2108,0.010473145943421844,0.07622379869381046
candidate,DO-40-2111,0.18043683836194133,0.2946553295596566
candidate,DO-40-2113,0.5955174462039277,0.947008860293572
candidate,DO-40-2114,0.6262960438450591,0.9092205595766713
candidate,DO-40-2115,0.14851996016821947,0.2666878605388316
candidate,DO-40-2116,0.6018841633955456,0.8864701113018503
candidate,DO-40-2117,0.4894200953835125,0.7211409216703482
candidate,DO-40-2118,0.354251677854825,0.5774146213128797
candidate,DO-40-2123,0.4368501261551295,0.7016157298993033
candidate,DO-40-2124,0.19024823497904228,0.41122202926948714
candidate,DO-40-2125,0.6439860091324687,1.0205992063634273
candidate,DO-40-2126,0.311655570725507,0.49327580848448555
candidate,DO-40-2130,0.02076569640254792,0.10644989156743324
candidate,DO-40-2133,0.2938816686991411,0.5382910136655893
candidate,DO-40-2135,0.4851140693366203,0.6945060362405782
candidate,DO-40-2136,0.18996281019613562,0.34660994059433153
candidate,DO-40-2137,0.36083752199450875,0.5301261747796852
candidate,DO-40-2140,0.590914276699115,0.7850215485367417
candidate,DO-40-2141,0.1172935406394134,0.2267449347512465
candidate,DO-40-2145,0.31440212853169913,0.5573631267344288
candidate,DO-40-2146,0.3041786831135788,0.5303205815062594
candidate,DO-40-2147,0.31036794546333674,0.8968205032903759
candidate,DO-40-2149,0.15070104418933888,0.266590625611117
candidate,DO-40-2150,0.5762515278563749,0.9611160296668638
candidate,DO-40-2151,0.29149041786703694,0.4680488722117509
candidate,DO-40-2152,0.10125812290247357,0.25337110467912055
candidate,DO-40-2153,0.13872612683646368,0.2472232365878155
candidate,DO-40-2156,0.10707508172953273,0.2622572926603111
candidate,DO-40-2157,0.5638454657059084,0.8062839259564348
candidate,DO-40-2158,0.13908627199829832,0.3443534493826906
candidate,DO-40-2159,0.3896181282237597,0.6492034574576188
candidate,DO-40-2160,0.46588898368022846,0.6660918674677174
candidate,DO-40-2162,0.297942655416192,0.463835472543044
candidate,DO-40-2164,0.3169753377261514,0.6104211277073113
candidate,DO-40-2167,0.33364413030501017,0.5352095980033562
candidate,DO-40-2168,0.47605545817801226,0.7468102411076019
candidate,DO-40-2172,1.0960719539012715,2.2560715595363385
candidate,DO-40-2174,0.18670176013002307,0.3655891479459213
candidate,DO-40-2175,0.4434042318592785,0.6618174992692709
candidate,DO-40-2176,0.46331732323102154,0.8549217812293631
candidate,DO-40-2178,0.13561362471186753,0.27165599278623986
candidate,DO-40-2179,0.12103388810272855,0.2708568307253361
candidate,DO-40-2181,0.19047608522153628,0.35234527602122445
candidate,DO-40-2182,0.18011475919589295,0.3715725291937524
candidate,DO-40-2183,0.3967942713345898,0.5680847311141096
candidate,DO-40-2184,0.2273149352636472,0.37698018542021855
candidate,DO-40-2186,0.6513917731572653,0.9339179915861457
candidate,DO-40-2187,0.4596867209371421,0.8078593471707892
candidate,DO-40-2192,0.47350086955668175,0.7649288321735381
candidate,DO-AL-0033,0.5815302943187565,1.05032974901124
candidate,DO-AL-0043,0.25392804787104567,0.44580226229475184
candidate,DO-AL-0102,0.09293247378443224,0.18780683065441436
candidate,DO-AL-0105,0.18457535719285406,0.358438995222885
candidate,DO-AL-0112,0.7690363396543034,1.1068506328006864
candidate,DO-AL-0115,0.895064544565964,1.175657401438472
candidate,DO-AL-0117,0.3045174509310188,0.526296263085544
candidate,DO-AL-0118,0.2674189017426832,0.4575824841536514
candidate,DO-AL-0119,0.801839609455701,1.4572106225498118
candidate,DO-AL-0125,0.46945947326119003,0.7043293370976634
candidate,DO-AL-0128,0.5553873436516424,0.8220879664312857
candidate,DO-AL-0136,0.6816008919578842,1.0147602191488494
candidate,DO-AL-0140,0.6559421251619217,1.080783692810349
candidate,DO-AL-0141,0.48437315641143575,0.7140519141978457
candidate,DO-AL-0142,0.3649857902737161,0.571593937372793
candidate,DO-AL-0143,0.45223385839241587,0.8770128416100033
candidate,DO-AL-0145,0.5923855545963159,1.559650235661168
candidate,DO-AL-0147,1.0592143084568244,1.5967314795807677
candidate,DO-AL-0157,0.3023131620846197,0.7044877424017907
candidate,DO-AL-0158,0.9337790679143272,1.2166427123207408
candidate,DO-AL-0172,0.03507583457805902,0.14940872515252648
candidate,DO-AL-0180,0.398223676723946,0.6090091393152459
