animal_id,source_id,source_csv_row,sex,strain,diet,date_born,date_exit,exit_reason_raw,exit_class,published_exit_inclusion,has_clinical_record_whole_record,endpoint_chronology_valid,endpoint_chronology_flags,first_observation_date,last_observation_date,entry_age_days,actual_visit_count
AgedB6-0255,AgedB6-0255,2,m,C57BL/6J,AL,2017-09-03,2019-11-26,RE,requested_euthanasia,True,1,True,,2019-10-30,2019-11-25,787,5
AgedB6-0256,AgedB6-0256,3,m,C57BL/6J,AL,2017-09-03,2020-06-28,FD,found_dead,True,1,True,,2019-10-30,2020-06-21,787,35
AgedB6-0267,AgedB6-0267,4,f,C57BL/6J,AL,2017-12-09,2019-12-19,FD,found_dead,True,0,True,,2019-10-30,2019-12-11,690,7
AgedB6-0269,AgedB6-0269,5,f,C57BL/6J,AL,2017-12-09,2020-08-05,,unknown,False,0,True,,2019-10-30,2020-07-06,690,36
AgedB6-0274,AgedB6-0274,6,m,C57BL/6J,AL,2017-12-09,2020-01-12,FD,found_dead,True,0,True,,2019-10-30,2020-01-07,690,11
AgedB6-0472,AgedB6-0472,7,f,C57BL/6J,AL,2017-07-24,2019-11-25,FD,found_dead,True,1,True,,2019-11-05,2019-11-19,834,3
AgedB6-0477,AgedB6-0477,8,f,C57BL/6J,AL,2017-07-24,2019-12-10,MSG,missing,False,0,True,,2019-11-05,2019-11-25,834,3
AgedB6-0482,AgedB6-0482,9,f,C57BL/6J,AL,2017-07-24,2020-06-02,FD,found_dead,True,1,True,,2019-10-30,2020-05-31,828,31
AgedB6-0483,AgedB6-0483,10,f,C57BL/6J,AL,2017-07-24,2020-02-05,FD,found_dead,True,0,True,,2019-10-30,2020-02-03,828,15
AgedB6-0484,AgedB6-0484,11,f,C57BL/6J,AL,2017-07-24,2019-11-05,FD,found_dead,True,0,True,,2019-10-30,2019-10-30,828,1
AgedB6-0576,AgedB6-0576,12,f,C57BL/6J,AL,2017-10-30,2020-03-10,ES,euthanized_sick,True,1,True,,2019-10-30,2020-03-08,730,20
AgedB6-0577,AgedB6-0577,13,f,C57BL/6J,AL,2017-10-30,2020-05-18,FD,found_dead,True,0,True,,2019-10-30,2020-05-10,730,29
AgedB6-0578,AgedB6-0578,14,f,C57BL/6J,AL,2017-10-30,2020-03-25,DC,discarded,False,1,True,,2019-10-30,2020-03-22,730,22
AgedB6-0579,AgedB6-0579,15,f,C57BL/6J,AL,2017-10-30,2020-04-12,FD,found_dead,True,0,True,,2019-10-30,2020-04-05,730,24
AgedB6-0624,AgedB6-0624,16,f,C57BL/6J,AL,2017-10-30,2020-02-05,FD,found_dead,True,0,True,,2019-10-30,2020-01-27,730,14
AgedB6-0625,AgedB6-0625,17,f,C57BL/6J,AL,2017-10-30,2020-07-13,ES,euthanized_sick,True,0,True,,2019-10-30,2020-07-05,730,37
AgedB6-0626,AgedB6-0626,18,f,C57BL/6J,AL,2017-10-30,2020-02-27,FD,found_dead,True,0,True,,2019-10-30,2020-02-24,730,18
AgedB6-0628,AgedB6-0628,19,f,C57BL/6J,AL,2017-10-30,2020-05-04,FD,found_dead,True,0,True,,2019-10-30,2020-04-26,730,27
AgedB6-0685,AgedB6-0685,20,m,C57BL/6J,AL,2017-12-05,2020-06-14,,unknown,False,0,True,,2019-10-30,2020-06-07,694,33
AgedB6-0686,AgedB6-0686,21,m,C57BL/6J,AL,2017-12-05,2019-11-25,FD,found_dead,True,0,True,,2019-10-30,2019-11-19,694,4
AgedB6-0687,AgedB6-0687,22,m,C57BL/6J,AL,2017-12-05,2020-12-21,FD,found_dead,True,0,True,,2019-10-30,2020-12-15,694,60
AgedB6-0688,AgedB6-0688,23,m,C57BL/6J,AL,2017-12-05,2020-07-27,MSG,missing,False,0,True,,2019-10-30,2020-07-19,694,39
AgedB6-0689,AgedB6-0689,24,m,C57BL/6J,AL,2017-12-05,2019-10-25,MSG,missing,False,0,False,observations_after_recorded_exit,2019-10-30,2020-02-10,694,11
AgedB6-0692,AgedB6-0692,25,m,C57BL/6J,AL,2017-12-05,2020-08-31,FD,found_dead,True,0,True,,2019-10-30,2020-08-24,694,43
AgedB6-0693,AgedB6-0693,26,m,C57BL/6J,AL,2017-12-05,2020-07-05,FD,found_dead,True,0,True,,2019-10-30,2020-06-29,694,35
AgedB6-0694,AgedB6-0694,27,m,C57BL/6J,AL,2017-12-05,2020-06-07,FD,found_dead,True,0,True,,2019-10-30,2020-06-01,694,32
AgedB6-0695,AgedB6-0695,28,m,C57BL/6J,AL,2017-12-05,2020-11-03,ES,euthanized_sick,True,0,True,,2019-10-30,2020-10-28,694,52
AgedB6-0696,AgedB6-0696,29,m,C57BL/6J,AL,2017-12-05,2020-04-26,FD,found_dead,True,0,True,,2019-10-30,2020-04-20,694,25
AgedB6-0697,AgedB6-0697,30,m,C57BL/6J,AL,2017-12-05,2020-03-27,FD,found_dead,True,0,True,,2019-10-30,2020-03-23,694,22
AgedB6-0698,AgedB6-0698,31,m,C57BL/6J,AL,2017-12-05,2020-01-28,FD,found_dead,True,0,True,,2019-10-30,2020-01-20,694,13
AgedB6-0699,AgedB6-0699,32,m,C57BL/6J,AL,2017-12-05,2020-04-26,FD,found_dead,True,0,True,,2019-10-30,2020-04-13,694,24
AgedB6-0700,AgedB6-0700,33,m,C57BL/6J,AL,2017-12-05,2020-05-08,FD,found_dead,True,0,True,,2019-10-30,2020-05-04,694,28
AgedB6-0701,AgedB6-0701,34,m,C57BL/6J,AL,2017-12-05,2020-03-17,FD,found_dead,True,0,True,,2019-10-30,2020-03-09,694,20
AgedB6-0704,AgedB6-0704,35,m,C57BL/6J,AL,2017-12-05,2020-03-09,FD,found_dead,True,0,True,,2019-10-30,2020-03-03,694,19
AgedB6-0705,AgedB6-0705,36,m,C57BL/6J,AL,2017-12-05,2020-09-21,FD,found_dead,True,0,True,,2019-10-30,2020-09-07,694,44
AgedB6-0706,AgedB6-0706,37,m,C57BL/6J,AL,2017-12-05,2020-11-03,FD,found_dead,True,0,True,,2019-10-30,2019-11-26,694,5
AgedB6-0707,AgedB6-0707,38,m,C57BL/6J,AL,2017-12-05,2020-11-03,MSG,missing,False,0,True,,2019-10-30,2020-11-03,694,48
AgedB6-0708,AgedB6-0708,39,m,C57BL/6J,AL,2017-12-05,2020-12-14,FD,found_dead,True,1,True,,2019-10-30,2020-12-08,694,57
AgedB6-0711,AgedB6-0711,40,m,C57BL/6J,AL,2017-12-05,2020-08-25,FD,found_dead,True,1,True,,2019-10-30,2020-08-17,694,42
AgedB6-0712,AgedB6-0712,41,m,C57BL/6J,AL,2017-12-05,2019-11-12,FD,found_dead,True,0,True,,2019-10-30,2019-11-06,694,2
AgedB6-0713,AgedB6-0713,42,m,C57BL/6J,AL,2017-12-05,2020-01-29,FD,found_dead,True,0,True,,2019-10-30,2020-01-27,694,14
AgedB6-0715,AgedB6-0715,43,m,C57BL/6J,AL,2017-12-05,2020-06-16,FD,found_dead,True,0,True,,2019-10-30,2020-06-08,694,32
AgedB6-0716,AgedB6-0716,44,m,C57BL/6J,AL,2017-12-05,2020-08-25,FD,found_dead,True,0,True,,2019-10-30,2020-08-17,694,42
DO-1D-3072,DO-1D-3072,45,f,J:DO,IF1,2016-09-20,2020-02-18,ES,euthanized_sick,True,0,True,,2019-09-03,2020-02-17,1078,22
DO-1D-3074,DO-1D-3074,46,f,J:DO,IF1,2016-09-20,2020-01-02,FD,found_dead,True,0,True,,2019-09-03,2019-12-23,1078,15
DO-1D-3075,DO-1D-3075,47,f,J:DO,IF1,2016-09-20,2019-09-30,FD,found_dead,True,1,True,,2019-09-03,2019-09-24,1078,4
DO-1D-3084,DO-1D-3084,48,f,J:DO,IF1,2016-10-04,2020-02-10,FD,found_dead,True,0,True,,2019-09-03,2020-02-03,1064,19
DO-1D-3092,DO-1D-3092,49,f,J:DO,IF1,2016-10-04,2020-02-10,FD,found_dead,True,0,True,,2019-09-03,2020-02-03,1064,20
DO-1D-3103,DO-1D-3103,50,f,J:DO,IF1,2017-03-20,2019-11-06,FD,found_dead,True,1,True,,2019-11-05,2019-11-05,960,1
DO-1D-3104,DO-1D-3104,51,f,J:DO,IF1,2017-03-20,2020-02-01,FTR,failed_to_recover,False,0,True,,2019-11-05,2020-01-20,960,12
DO-1D-3110,DO-1D-3110,52,f,J:DO,IF1,2017-03-20,2020-03-22,FD,found_dead,True,0,True,,2019-11-05,2020-03-15,960,15
DO-1D-3111,DO-1D-3111,53,f,J:DO,IF1,2017-03-20,2020-04-17,FD,found_dead,True,0,True,,2019-11-05,2020-04-12,960,18
DO-1D-3112,DO-1D-3112,54,f,J:DO,IF1,2017-03-20,2020-01-16,FD,found_dead,True,0,True,,2019-11-05,2020-01-14,960,11
DO-1D-3114,DO-1D-3114,55,f,J:DO,IF1,2017-04-10,2020-05-01,ES,euthanized_sick,True,1,True,,2019-11-06,2020-04-27,940,24
DO-1D-3116,DO-1D-3116,56,f,J:DO,IF1,2017-04-10,2020-03-26,FD,found_dead,True,1,True,,2019-11-06,2020-03-23,940,19
DO-1D-3118,DO-1D-3118,57,f,J:DO,IF1,2017-04-10,2019-12-19,ES,euthanized_sick,True,1,True,,2019-11-06,2019-12-19,940,7
DO-1D-3123,DO-1D-3123,58,f,J:DO,IF1,2017-04-10,2020-04-07,FD,found_dead,True,1,True,,2019-11-06,2020-03-30,940,20
DO-1D-3124,DO-1D-3124,59,f,J:DO,IF1,2017-04-10,2020-02-27,FD,found_dead,True,1,True,,2019-11-06,2020-02-25,940,16
DO-1D-3134,DO-1D-3134,60,f,J:DO,IF1,2017-06-26,2020-08-17,FD,found_dead,True,1,True,,2020-01-21,2020-08-11,939,27
DO-1D-3135,DO-1D-3135,61,f,J:DO,IF1,2017-06-26,2020-06-11,FD,found_dead,True,0,True,,2020-01-21,2020-06-09,939,20
DO-1D-3136,DO-1D-3136,62,f,J:DO,IF1,2017-06-26,2020-01-27,FD,found_dead,True,0,True,,2020-01-21,2020-01-21,939,1
DO-1D-3139,DO-1D-3139,63,f,J:DO,IF1,2017-06-26,2020-05-22,FD,found_dead,True,1,True,,2020-01-21,2020-05-19,939,17
DO-1D-3142,DO-1D-3142,64,f,J:DO,IF1,2017-06-26,2020-02-06,FD,found_dead,True,1,True,,2020-01-21,2020-01-28,939,2
DO-1D-3143,DO-1D-3143,65,f,J:DO,IF1,2017-06-26,2020-04-12,FD,found_dead,True,1,True,,2020-01-21,2020-04-07,939,12
DO-1D-3145,DO-1D-3145,66,f,J:DO,IF1,2017-07-17,2020-09-14,FD,found_dead,True,1,True,,2020-01-21,2020-09-01,918,25
DO-1D-3146,DO-1D-3146,67,f,J:DO,IF1,2017-07-17,2020-04-24,FD,found_dead,True,1,True,,2020-01-21,2020-04-21,918,13
DO-1D-3154,DO-1D-3154,68,f,J:DO,IF1,2017-07-17,2020-03-27,FD,found_dead,True,0,True,,2020-01-21,2020-03-24,918,9
DO-1D-3155,DO-1D-3155,69,f,J:DO,IF1,2017-07-17,2020-04-23,ES,euthanized_sick,True,1,True,,2020-01-21,2020-04-21,918,13
DO-1D-3161,DO-1D-3161,70,f,J:DO,IF1,2017-09-18,2020-05-26,FD,found_dead,True,0,True,,2020-05-17,2020-05-17,972,1
DO-1D-3163,DO-1D-3163,71,f,J:DO,IF1,2017-09-18,2020-07-25,FD,found_dead,True,0,True,,2020-05-17,2020-07-19,972,8
DO-1D-3168,DO-1D-3168,72,f,J:DO,IF1,2017-09-18,2020-07-27,FD,found_dead,True,0,True,,2020-05-17,2020-07-19,972,8
DO-1D-3169,DO-1D-3169,73,f,J:DO,IF1,2017-09-18,2020-08-20,FD,found_dead,True,1,True,,2020-05-17,2020-08-03,972,9
DO-1D-3170,DO-1D-3170,74,f,J:DO,IF1,2017-09-18,2020-09-20,FD,found_dead,True,0,True,,2020-05-17,2020-09-14,972,13
DO-1D-3175,DO-1D-3175,75,f,J:DO,IF1,2017-09-18,2020-06-04,FD,found_dead,True,1,True,,2020-05-17,2020-05-31,972,3
DO-1D-3178,DO-1D-3178,76,f,J:DO,IF1,2017-10-09,2020-06-04,FD,found_dead,True,1,True,,2020-05-18,2020-06-01,952,3
DO-1D-3188,DO-1D-3188,77,f,J:DO,IF1,2017-10-09,2020-10-13,FD,found_dead,True,0,True,,2020-05-18,2020-10-12,952,18
DO-1D-3189,DO-1D-3189,78,f,J:DO,IF1,2017-10-09,2020-07-25,FD,found_dead,True,1,True,,2020-05-18,2020-07-20,952,9
DO-20-1006,DO-20-1006,79,f,J:DO,CR20,2016-02-09,2019-10-15,FD,found_dead,True,1,True,,2019-09-03,2019-10-08,1302,6
DO-20-1025,DO-20-1025,80,f,J:DO,CR20,2016-03-01,2019-12-10,ES,euthanized_sick,True,1,True,,2019-09-03,2019-12-10,1281,14
DO-20-1029,DO-20-1029,81,f,J:DO,CR20,2016-03-01,2020-03-04,FD,found_dead,True,1,True,,2019-09-03,2020-03-02,1281,23
DO-20-1040,DO-20-1040,82,f,J:DO,CR20,2016-05-31,2020-04-08,FD,found_dead,True,1,True,,2019-09-03,2020-04-06,1190,29
DO-20-1045,DO-20-1045,83,f,J:DO,CR20,2016-05-31,2019-12-16,FD,found_dead,True,0,True,,2019-09-03,2019-12-04,1190,13
DO-20-1054,DO-20-1054,84,f,J:DO,CR20,2016-06-21,2020-02-06,FD,found_dead,True,0,True,,2019-09-03,2020-02-03,1169,20
DO-20-1056,DO-20-1056,85,f,J:DO,CR20,2016-06-21,2020-01-23,FD,found_dead,True,0,True,,2019-09-03,2020-01-20,1169,18
DO-20-1064,DO-20-1064,86,f,J:DO,CR20,2016-06-21,2019-12-20,FD,found_dead,True,1,True,,2019-09-03,2019-12-19,1169,15
DO-20-1065,DO-20-1065,87,f,J:DO,CR20,2016-09-20,2020-01-21,FD,found_dead,True,1,True,,2019-09-03,2020-01-14,1078,18
DO-20-1066,DO-20-1066,88,f,J:DO,CR20,2016-09-20,2020-06-13,ES,euthanized_sick,True,1,True,,2019-09-03,2020-06-07,1078,36
DO-20-1067,DO-20-1067,89,f,J:DO,CR20,2016-09-13,2019-12-10,FD,found_dead,True,1,True,,2019-09-03,2019-12-10,1085,13
DO-20-1069,DO-20-1069,90,f,J:DO,CR20,2016-09-13,2020-06-18,FD,found_dead,True,1,True,,2019-09-03,2020-06-07,1085,35
DO-20-1071,DO-20-1071,91,f,J:DO,CR20,2016-09-13,2020-03-19,ES,euthanized_sick,True,1,True,,2019-09-03,2020-03-15,1085,26
DO-20-1074,DO-20-1074,92,f,J:DO,CR20,2016-09-13,2020-04-20,FD,found_dead,True,1,True,,2019-09-03,2020-04-12,1085,29
DO-20-1082,DO-20-1082,93,f,J:DO,CR20,2016-10-04,2019-09-18,FD,found_dead,True,0,True,,2019-09-03,2019-09-10,1064,2
DO-20-1087,DO-20-1087,94,f,J:DO,CR20,2016-10-04,2019-11-19,FD,found_dead,True,0,True,,2019-09-03,2019-11-13,1064,8
DO-20-1097,DO-20-1097,95,f,J:DO,CR20,2017-03-20,2020-08-24,FD,found_dead,True,0,True,,2019-11-05,2020-08-16,960,33
DO-20-1098,DO-20-1098,96,f,J:DO,CR20,2017-03-20,2020-03-16,FD,found_dead,True,0,True,,2019-11-05,2020-03-08,960,13
DO-20-1100,DO-20-1100,97,f,J:DO,CR20,2017-03-20,2020-02-11,FD,found_dead,True,0,True,,2019-11-05,2020-01-20,960,11
DO-20-1101,DO-20-1101,98,f,J:DO,CR20,2017-03-20,2020-09-25,FD,found_dead,True,1,True,,2019-11-05,2020-09-13,960,37
DO-20-1102,DO-20-1102,99,f,J:DO,CR20,2017-03-20,2019-11-08,FD,found_dead,True,0,True,,2019-11-05,2019-11-05,960,1
DO-20-1109,DO-20-1109,100,f,J:DO,CR20,2017-03-20,2020-09-24,FD,found_dead,True,0,True,,2019-11-05,2020-09-13,960,38
DO-20-1116,DO-20-1116,101,f,J:DO,CR20,2017-04-10,2020-01-30,ES,euthanized_sick,True,0,True,,2019-11-06,2020-01-20,940,12
DO-20-1119,DO-20-1119,102,f,J:DO,CR20,2017-04-10,2019-11-21,MSG,missing,False,1,True,,2019-11-06,2019-11-13,940,2
DO-20-1122,DO-20-1122,103,f,J:DO,CR20,2017-04-10,2020-06-22,FD,found_dead,True,0,True,,2019-11-06,2020-06-15,940,29
DO-20-1123,DO-20-1123,104,f,J:DO,CR20,2017-04-10,2020-09-11,FD,found_dead,True,0,True,,2019-11-06,2020-09-07,940,40
DO-20-1124,DO-20-1124,105,f,J:DO,CR20,2017-04-10,2020-08-09,FD,found_dead,True,0,True,,2019-11-06,2020-08-03,940,35
DO-20-1126,DO-20-1126,106,f,J:DO,CR20,2017-04-10,2020-01-28,FD,found_dead,True,0,True,,2019-11-06,2020-01-20,940,12
DO-20-1127,DO-20-1127,107,f,J:DO,CR20,2017-04-10,2020-09-21,ES,euthanized_sick,True,0,True,,2019-11-06,2020-09-13,940,41
DO-20-1128,DO-20-1128,108,f,J:DO,CR20,2017-04-10,2020-02-11,FD,found_dead,True,0,True,,2019-11-06,2020-02-03,940,13
DO-20-1129,DO-20-1129,109,f,J:DO,CR20,2017-06-26,2020-07-10,FD,found_dead,True,0,True,,2020-01-21,2020-07-07,939,24
DO-20-1132,DO-20-1132,110,f,J:DO,CR20,2017-06-26,2020-03-09,FD,found_dead,True,0,True,,2020-01-21,2020-03-04,939,7
DO-20-1135,DO-20-1135,111,f,J:DO,CR20,2017-06-26,2020-06-24,FD,found_dead,True,0,True,,2020-01-21,2020-06-23,939,22
DO-20-1136,DO-20-1136,112,f,J:DO,CR20,2017-06-26,2021-06-11,ES,euthanized_sick,True,0,True,,2020-01-21,2021-05-24,939,65
DO-20-1138,DO-20-1138,113,f,J:DO,CR20,2017-06-26,2020-03-02,FD,found_dead,True,0,True,,2020-01-21,2020-02-25,939,6
DO-20-1142,DO-20-1142,114,f,J:DO,CR20,2017-06-26,2020-02-22,FD,found_dead,True,0,True,,2020-01-21,2020-02-19,939,5
DO-20-1146,DO-20-1146,115,f,J:DO,CR20,2017-07-17,2020-06-22,FD,found_dead,True,0,True,,2020-01-21,2020-06-16,918,21
DO-20-1147,DO-20-1147,116,f,J:DO,CR20,2017-07-17,2020-03-27,RE,requested_euthanasia,True,1,True,,2020-01-21,2020-03-24,918,10
DO-20-1150,DO-20-1150,117,f,J:DO,CR20,2017-07-17,2020-02-26,FD,found_dead,True,0,True,,2020-01-21,2020-02-19,918,5
DO-20-1151,DO-20-1151,118,f,J:DO,CR20,2017-07-17,2021-03-31,FD,found_dead,True,1,True,,2020-01-21,2021-03-29,918,58
DO-20-1152,DO-20-1152,119,f,J:DO,CR20,2017-07-17,2021-04-02,FD,found_dead,True,1,True,,2020-01-21,2021-03-29,918,58
DO-20-1156,DO-20-1156,120,f,J:DO,CR20,2017-07-17,2021-01-11,FD,found_dead,True,0,True,,2020-01-21,2021-01-05,918,46
DO-20-1157,DO-20-1157,121,f,J:DO,CR20,2017-07-17,2020-12-11,FD,found_dead,True,0,True,,2020-01-21,2020-12-08,918,43
DO-20-1158,DO-20-1158,122,f,J:DO,CR20,2017-07-17,2020-07-24,FD,found_dead,True,0,True,,2020-01-21,2020-07-21,918,26
DO-20-1164,DO-20-1164,123,f,J:DO,CR20,2017-09-18,2020-07-06,ES,euthanized_sick,True,0,True,,2020-05-17,2020-06-28,972,7
DO-20-1165,DO-20-1165,124,f,J:DO,CR20,2017-09-18,2020-05-26,FD,found_dead,True,0,True,,2020-05-17,2020-05-17,972,1
DO-20-1168,DO-20-1168,125,f,J:DO,CR20,2017-09-18,2020-10-11,FD,found_dead,True,0,True,,2020-05-25,2020-09-30,980,12
DO-20-1170,DO-20-1170,126,f,J:DO,CR20,2017-09-18,2020-12-14,ES,euthanized_sick,True,1,True,,2020-05-17,2020-12-08,972,21
DO-20-1173,DO-20-1173,127,f,J:DO,CR20,2017-09-18,2020-06-15,FD,found_dead,True,0,True,,2020-05-17,2020-06-07,972,4
DO-20-1178,DO-20-1178,128,f,J:DO,CR20,2017-10-09,2020-11-20,FD,found_dead,True,0,True,,2020-05-18,2020-11-10,952,20
DO-20-1179,DO-20-1179,129,f,J:DO,CR20,2017-10-09,2020-10-28,ES,euthanized_sick,True,1,True,,2020-05-18,2020-10-20,952,18
DO-20-1183,DO-20-1183,130,f,J:DO,CR20,2017-10-09,2020-09-24,ES,euthanized_sick,True,0,True,,2020-05-18,2020-09-21,952,14
DO-20-1186,DO-20-1186,131,f,J:DO,CR20,2017-10-09,2021-03-29,FD,found_dead,True,0,True,,2020-05-18,2021-03-22,952,38
DO-20-1188,DO-20-1188,132,f,J:DO,CR20,2017-10-09,2021-02-15,FD,found_dead,True,0,True,,2020-05-18,2021-02-09,952,32
DO-20-1189,DO-20-1189,133,f,J:DO,CR20,2017-10-09,2020-08-09,FD,found_dead,True,0,True,,2020-05-18,2020-08-04,952,10
DO-20-1190,DO-20-1190,134,f,J:DO,CR20,2017-10-09,2020-10-28,ES,euthanized_sick,True,0,True,,2020-05-18,2020-10-20,952,18
DO-2D-4019,DO-2D-4019,135,f,J:DO,IF2,2016-03-01,2019-09-23,FD,found_dead,True,0,True,,2019-09-03,2019-09-17,1281,2
DO-2D-4037,DO-2D-4037,136,f,J:DO,IF2,2016-05-31,2019-10-04,FD,found_dead,True,0,True,,2019-09-03,2019-09-24,1190,4
DO-2D-4039,DO-2D-4039,137,f,J:DO,IF2,2016-05-31,2020-02-28,ES,euthanized_sick,True,1,True,,2019-09-03,2020-02-25,1190,23
DO-2D-4043,DO-2D-4043,138,f,J:DO,IF2,2016-05-31,2019-10-30,FD,found_dead,True,1,True,,2019-09-03,2019-10-22,1190,7
DO-2D-4058,DO-2D-4058,139,f,J:DO,IF2,2016-06-21,2019-09-07,FD,found_dead,True,0,True,,2019-09-03,2019-09-03,1169,1
DO-2D-4059,DO-2D-4059,140,f,J:DO,IF2,2016-06-21,2019-09-07,FD,found_dead,True,0,True,,2019-09-03,2019-09-03,1169,1
DO-2D-4062,DO-2D-4062,141,f,J:DO,IF2,2016-06-21,2019-12-30,FD,found_dead,True,0,True,,2019-09-03,2019-12-19,1169,13
DO-2D-4072,DO-2D-4072,142,f,J:DO,IF2,2016-09-20,2019-10-28,FD,found_dead,True,0,True,,2019-09-03,2019-10-15,1078,7
DO-2D-4079,DO-2D-4079,143,f,J:DO,IF2,2016-09-20,2019-12-23,FD,found_dead,True,1,True,,2019-09-03,2019-12-17,1078,14
DO-2D-4083,DO-2D-4083,144,f,J:DO,IF2,2016-10-11,2020-01-30,ES,euthanized_sick,True,1,True,,2019-09-03,2020-01-27,1057,19
DO-2D-4084,DO-2D-4084,145,f,J:DO,IF2,2016-10-11,2020-03-02,FD,found_dead,True,1,True,,2019-09-03,2020-02-25,1057,23
DO-2D-4090,DO-2D-4090,146,f,J:DO,IF2,2016-10-04,2019-10-02,FD,found_dead,True,0,True,,2019-09-03,2019-09-24,1064,3
DO-2D-4092,DO-2D-4092,147,f,J:DO,IF2,2016-10-04,2020-01-21,FD,found_dead,True,0,True,,2019-09-03,2020-01-15,1064,17
DO-2D-4097,DO-2D-4097,148,f,J:DO,IF2,2017-03-20,2020-02-01,FTR,failed_to_recover,False,0,True,,2019-11-05,2020-01-20,960,11
DO-2D-4099,DO-2D-4099,149,f,J:DO,IF2,2017-03-20,2020-02-24,FD,found_dead,True,1,True,,2019-11-05,2020-01-20,960,12
DO-2D-4108,DO-2D-4108,150,f,J:DO,IF2,2017-03-20,2019-11-11,FD,found_dead,True,0,True,,2019-11-05,2019-11-05,960,1
DO-2D-4112,DO-2D-4112,151,f,J:DO,IF2,2017-03-20,2019-12-27,FD,found_dead,True,1,True,,2019-11-05,2019-12-23,960,8
DO-2D-4113,DO-2D-4113,152,f,J:DO,IF2,2017-04-10,2020-07-30,FD,found_dead,True,0,True,,2019-11-06,2020-07-26,940,34
DO-2D-4114,DO-2D-4114,153,f,J:DO,IF2,2017-04-10,2020-05-31,FD,found_dead,True,0,True,,2019-11-06,2020-05-11,940,26
DO-2D-4119,DO-2D-4119,154,f,J:DO,IF2,2017-04-10,2020-02-07,FD,found_dead,True,1,True,,2019-11-06,2020-02-03,940,14
DO-2D-4122,DO-2D-4122,155,f,J:DO,IF2,2017-04-10,2020-06-14,FD,found_dead,True,0,True,,2019-11-06,2020-06-08,940,28
DO-2D-4123,DO-2D-4123,156,f,J:DO,IF2,2017-04-10,2019-12-19,ES,euthanized_sick,True,1,True,,2019-11-06,2019-12-11,940,6
DO-2D-4124,DO-2D-4124,157,f,J:DO,IF2,2017-04-10,2020-01-15,FD,found_dead,True,1,True,,2019-11-06,2020-01-08,940,10
DO-2D-4128,DO-2D-4128,158,f,J:DO,IF2,2017-04-10,2020-03-28,FD,found_dead,True,0,True,,2019-11-06,2020-03-23,940,19
DO-2D-4130,DO-2D-4130,159,f,J:DO,IF2,2017-06-26,2020-03-23,FD,found_dead,True,0,True,,2020-01-21,2020-03-17,939,9
DO-2D-4132,DO-2D-4132,160,f,J:DO,IF2,2017-06-26,2020-05-04,FD,found_dead,True,0,True,,2020-01-21,2020-04-21,939,13
DO-2D-4133,DO-2D-4133,161,f,J:DO,IF2,2017-06-26,2020-04-03,FD,found_dead,True,1,True,,2020-01-21,2020-03-31,939,11
DO-2D-4139,DO-2D-4139,162,f,J:DO,IF2,2017-06-26,2020-02-14,FD,found_dead,True,1,True,,2020-01-21,2020-02-12,939,4
DO-2D-4142,DO-2D-4142,163,f,J:DO,IF2,2017-06-26,2020-02-05,FD,found_dead,True,1,True,,2020-01-21,2020-02-04,939,3
DO-2D-4143,DO-2D-4143,164,f,J:DO,IF2,2017-06-26,2020-07-09,FD,found_dead,True,1,True,,2020-01-21,2020-07-07,939,23
DO-2D-4144,DO-2D-4144,165,f,J:DO,IF2,2017-06-26,2020-01-27,FD,found_dead,True,1,True,,2020-01-21,2020-01-21,939,1
DO-2D-4145,DO-2D-4145,166,f,J:DO,IF2,2017-07-17,2020-06-03,FD,found_dead,True,0,True,,2020-01-21,2020-05-27,918,17
DO-2D-4148,DO-2D-4148,167,f,J:DO,IF2,2017-07-17,2020-09-11,ES,euthanized_sick,True,0,True,,2020-01-21,2020-09-01,918,30
DO-2D-4149,DO-2D-4149,168,f,J:DO,IF2,2017-07-17,2020-10-25,FD,found_dead,True,0,True,,2020-01-21,2020-10-18,918,36
DO-2D-4150,DO-2D-4150,169,f,J:DO,IF2,2017-07-17,2020-05-03,FD,found_dead,True,0,True,,2020-01-21,2020-04-21,918,13
DO-2D-4151,DO-2D-4151,170,f,J:DO,IF2,2017-07-17,2020-08-24,MSG,missing,False,0,True,,2020-01-21,2020-08-18,918,28
DO-2D-4157,DO-2D-4157,171,f,J:DO,IF2,2017-07-17,2020-04-24,FD,found_dead,True,0,True,,2020-01-21,2020-04-21,918,13
DO-2D-4158,DO-2D-4158,172,f,J:DO,IF2,2017-07-17,2020-05-26,FD,found_dead,True,0,True,,2020-01-21,2020-05-19,918,16
DO-2D-4162,DO-2D-4162,173,f,J:DO,IF2,2017-09-18,2020-07-17,FD,found_dead,True,0,True,,2020-05-17,2020-06-28,972,7
DO-2D-4164,DO-2D-4164,174,f,J:DO,IF2,2017-09-18,2020-06-03,FD,found_dead,True,0,True,,2020-05-17,2020-06-02,972,3
DO-2D-4165,DO-2D-4165,175,f,J:DO,IF2,2017-09-18,2020-10-14,FD,found_dead,True,0,True,,2020-05-17,2020-09-30,972,14
DO-2D-4167,DO-2D-4167,176,f,J:DO,IF2,2017-09-18,2020-12-31,FD,found_dead,True,0,True,,2020-05-17,2020-12-22,972,24
DO-2D-4168,DO-2D-4168,177,f,J:DO,IF2,2017-09-18,2020-08-31,MSG,missing,False,0,True,,2020-05-17,2020-08-25,972,10
DO-2D-4171,DO-2D-4171,178,f,J:DO,IF2,2017-09-18,2021-03-01,FD,found_dead,True,1,True,,2020-05-17,2021-02-23,972,32
DO-2D-4172,DO-2D-4172,179,f,J:DO,IF2,2017-09-18,2020-12-26,FD,found_dead,True,0,True,,2020-05-17,2020-12-22,972,24
DO-2D-4174,DO-2D-4174,180,f,J:DO,IF2,2017-09-18,2020-07-27,FD,found_dead,True,0,True,,2020-05-17,2020-07-19,972,8
DO-2D-4180,DO-2D-4180,181,f,J:DO,IF2,2017-10-09,2020-09-27,FD,found_dead,True,1,True,,2020-05-18,2020-09-21,952,15
DO-2D-4184,DO-2D-4184,182,f,J:DO,IF2,2017-10-09,2020-09-11,FD,found_dead,True,1,True,,2020-05-18,2020-09-08,952,13
DO-2D-4186,DO-2D-4186,183,f,J:DO,IF2,2017-10-09,2020-12-04,RE,requested_euthanasia,True,1,True,,2020-05-18,2020-12-01,952,23
DO-2D-4190,DO-2D-4190,184,f,J:DO,IF2,2017-10-09,2020-09-20,FD,found_dead,True,0,True,,2020-05-18,2020-09-14,952,14
DO-2D-4192,DO-2D-4192,185,f,J:DO,IF2,2017-10-09,2020-08-03,FD,found_dead,True,0,True,,2020-05-18,2020-07-20,952,9
DO-40-2003,DO-40-2003,186,f,J:DO,CR40,2016-02-09,2019-09-10,ES,euthanized_sick,True,1,True,,2019-09-03,2019-09-03,1302,1
DO-40-2016,DO-40-2016,187,f,J:DO,CR40,2016-02-09,2019-11-27,FD,found_dead,True,1,True,,2019-09-03,2019-11-25,1302,13
DO-40-2017,DO-40-2017,188,f,J:DO,CR40,2016-03-01,2019-10-14,FD,found_dead,True,0,True,,2019-09-03,2019-10-08,1281,5
DO-40-2024,DO-40-2024,189,f,J:DO,CR40,2016-03-01,2020-03-18,FD,found_dead,True,0,True,,2019-09-03,2020-03-15,1281,25
DO-40-2028,DO-40-2028,190,f,J:DO,CR40,2016-03-01,2020-04-30,FD,found_dead,True,1,True,,2019-09-03,2020-04-26,1281,30
DO-40-2039,DO-40-2039,191,f,J:DO,CR40,2016-05-31,2020-01-16,FD,found_dead,True,0,True,,2019-09-03,2020-01-15,1190,16
DO-40-2050,DO-40-2050,192,f,J:DO,CR40,2016-06-21,2020-07-08,FD,found_dead,True,1,True,,2019-09-03,2020-07-06,1169,38
DO-40-2056,DO-40-2056,193,f,J:DO,CR40,2016-06-21,2020-07-21,FD,found_dead,True,1,True,,2019-09-03,2020-07-19,1169,40
DO-40-2059,DO-40-2059,194,f,J:DO,CR40,2016-06-21,2020-04-20,FD,found_dead,True,0,True,,2019-09-03,2020-04-13,1169,28
DO-40-2061,DO-40-2061,195,f,J:DO,CR40,2016-06-21,2020-05-23,FD,found_dead,True,1,True,,2019-09-03,2020-05-11,1169,31
DO-40-2062,DO-40-2062,196,f,J:DO,CR40,2016-06-21,2019-11-05,MSG,missing,False,0,False,observations_after_recorded_exit,2019-09-03,2019-11-20,1169,9
DO-40-2065,DO-40-2065,197,f,J:DO,CR40,2016-09-20,2019-11-01,FD,found_dead,True,0,True,,2019-09-03,2019-10-15,1078,6
DO-40-2066,DO-40-2066,198,f,J:DO,CR40,2016-09-20,2019-11-14,FD,found_dead,True,0,True,,2019-09-03,2019-11-12,1078,8
DO-40-2067,DO-40-2067,199,f,J:DO,CR40,2016-09-20,2019-11-05,ES,euthanized_sick,True,0,True,,2019-09-03,2019-11-05,1078,7
DO-40-2070,DO-40-2070,200,f,J:DO,CR40,2016-09-20,2020-12-08,ES,euthanized_sick,True,1,True,,2019-09-03,2020-12-01,1078,56
DO-40-2073,DO-40-2073,201,f,J:DO,CR40,2016-09-20,2020-05-10,FD,found_dead,True,0,True,,2019-09-03,2020-05-03,1078,32
DO-40-2077,DO-40-2077,202,f,J:DO,CR40,2016-09-20,2020-04-22,ES,euthanized_sick,True,0,True,,2019-09-03,2020-04-19,1078,30
DO-40-2078,DO-40-2078,203,f,J:DO,CR40,2016-09-20,2019-11-07,FD,found_dead,True,1,True,,2019-09-03,2019-11-05,1078,8
DO-40-2081,DO-40-2081,204,f,J:DO,CR40,2016-10-04,2020-09-02,FD,found_dead,True,0,True,,2019-09-03,2020-08-31,1064,45
DO-40-2085,DO-40-2085,205,f,J:DO,CR40,2016-10-04,2019-09-24,FD,found_dead,True,0,True,,2019-09-03,2019-09-10,1064,2
DO-40-2087,DO-40-2087,206,f,J:DO,CR40,2016-10-04,2020-07-05,ES,euthanized_sick,True,1,True,,2019-09-03,2020-06-29,1064,40
DO-40-2088,DO-40-2088,207,f,J:DO,CR40,2016-10-04,2020-08-07,FD,found_dead,True,1,True,,2019-09-03,2020-07-27,1064,44
DO-40-2092,DO-40-2092,208,f,J:DO,CR40,2016-10-04,2019-11-12,FD,found_dead,True,0,True,,2019-09-03,2019-10-22,1064,7
DO-40-2094,DO-40-2094,209,f,J:DO,CR40,2016-10-04,2019-11-12,FD,found_dead,True,0,True,,2019-09-03,2019-10-22,1064,7
DO-40-2097,DO-40-2097,210,f,J:DO,CR40,2017-03-20,2020-02-01,FTR,failed_to_recover,False,0,True,,2019-11-05,2020-01-20,960,11
DO-40-2099,DO-40-2099,211,f,J:DO,CR40,2017-03-20,2021-09-13,ES,euthanized_sick,True,0,True,,2019-11-05,2021-09-09,960,77
DO-40-2101,DO-40-2101,212,f,J:DO,CR40,2017-03-20,2020-01-03,FD,found_dead,True,0,True,,2019-11-05,2019-12-23,960,8
DO-40-2102,DO-40-2102,213,f,J:DO,CR40,2017-03-20,2020-07-24,FD,found_dead,True,0,True,,2019-11-05,2020-07-12,960,29
DO-40-2103,DO-40-2103,214,f,J:DO,CR40,2017-03-20,2019-11-12,FD,found_dead,True,1,True,,2019-11-05,2019-11-05,960,1
DO-40-2107,DO-40-2107,215,f,J:DO,CR40,2017-03-20,2021-05-03,FD,found_dead,True,1,True,,2019-11-05,2021-04-27,960,65
DO-40-2108,DO-40-2108,216,f,J:DO,CR40,2017-03-20,2020-02-01,FTR,failed_to_recover,False,0,True,,2019-11-05,2020-01-20,960,11
DO-40-2111,DO-40-2111,217,f,J:DO,CR40,2017-03-20,2020-11-03,MSG,missing,False,1,True,,2019-11-05,2020-10-27,960,42
DO-40-2113,DO-40-2113,218,f,J:DO,CR40,2017-04-10,2020-03-16,MSG,missing,False,0,True,,2019-11-06,2020-02-25,940,16
DO-40-2114,DO-40-2114,219,f,J:DO,CR40,2017-04-10,2020-03-24,FD,found_dead,True,0,True,,2019-11-06,2020-03-09,940,17
DO-40-2115,DO-40-2115,220,f,J:DO,CR40,2017-04-10,2021-04-15,FD,found_dead,True,0,True,,2019-11-06,2021-04-05,940,65
DO-40-2116,DO-40-2116,221,f,J:DO,CR40,2017-04-10,2020-09-24,FD,found_dead,True,1,True,,2019-11-06,2020-09-20,940,41
DO-40-2117,DO-40-2117,222,f,J:DO,CR40,2017-04-10,2021-06-22,FD,found_dead,True,0,True,,2019-11-06,2021-06-14,940,76
DO-40-2118,DO-40-2118,223,f,J:DO,CR40,2017-04-10,2021-04-27,RE,requested_euthanasia,True,0,True,,2019-11-06,2021-04-19,940,68
DO-40-2123,DO-40-2123,224,f,J:DO,CR40,2017-04-10,2020-05-17,FD,found_dead,True,0,True,,2019-11-06,2020-05-11,940,25
DO-40-2124,DO-40-2124,225,f,J:DO,CR40,2017-04-10,2020-06-09,FD,found_dead,True,1,True,,2019-11-06,2020-06-01,940,27
DO-40-2125,DO-40-2125,226,f,J:DO,CR40,2017-04-10,2020-07-13,FD,found_dead,True,1,True,,2019-11-06,2020-07-06,940,31
DO-40-2126,DO-40-2126,227,f,J:DO,CR40,2017-04-10,2021-06-30,FD,found_dead,True,0,True,,2019-11-06,2021-06-27,940,78
DO-40-2130,DO-40-2130,228,f,J:DO,CR40,2017-06-26,2020-05-04,FTR,failed_to_recover,False,0,True,,2020-01-21,2020-04-21,939,14
DO-40-2133,DO-40-2133,229,f,J:DO,CR40,2017-06-26,2020-06-29,FD,found_dead,True,1,True,,2020-01-21,2020-06-23,939,22
DO-40-2135,DO-40-2135,230,f,J:DO,CR40,2017-06-26,2020-08-04,FD,found_dead,True,0,True,,2020-01-21,2020-07-21,939,25
DO-40-2136,DO-40-2136,231,f,J:DO,CR40,2017-06-26,2020-04-06,FD,found_dead,True,0,True,,2020-01-21,2020-03-31,939,11
DO-40-2137,DO-40-2137,232,f,J:DO,CR40,2017-06-26,2020-08-10,FD,found_dead,True,0,True,,2020-01-21,2020-08-04,939,26
DO-40-2140,DO-40-2140,233,f,J:DO,CR40,2017-06-26,2020-03-09,FD,found_dead,True,0,True,,2020-01-21,2020-03-04,939,7
DO-40-2141,DO-40-2141,234,f,J:DO,CR40,2017-06-26,2021-06-11,ES,euthanized_sick,True,1,True,,2020-01-21,2021-06-07,939,67
DO-40-2145,DO-40-2145,235,f,J:DO,CR40,2017-07-17,2020-11-09,FD,found_dead,True,0,True,,2020-01-21,2020-11-03,918,37
DO-40-2146,DO-40-2146,236,f,J:DO,CR40,2017-07-17,2021-07-20,FD,found_dead,True,1,True,,2020-01-21,2021-07-15,918,71
DO-40-2147,DO-40-2147,237,f,J:DO,CR40,2017-07-17,2020-04-13,FD,found_dead,True,0,True,,2020-01-21,2020-04-07,918,11
DO-40-2149,DO-40-2149,238,f,J:DO,CR40,2017-07-17,2020-09-01,FD,found_dead,True,1,True,,2020-01-21,2020-08-18,918,27
DO-40-2150,DO-40-2150,239,f,J:DO,CR40,2017-07-17,2020-08-24,ES,euthanized_sick,True,1,True,,2020-01-21,2020-08-18,918,27
DO-40-2151,DO-40-2151,240,f,J:DO,CR40,2017-07-17,2020-09-18,FD,found_dead,True,1,True,,2020-01-21,2020-09-13,918,30
DO-40-2152,DO-40-2152,241,f,J:DO,CR40,2017-07-17,2020-11-19,FD,found_dead,True,1,True,,2020-01-21,2020-11-17,918,38
DO-40-2153,DO-40-2153,242,f,J:DO,CR40,2017-07-17,2021-05-24,FD,found_dead,True,1,True,,2020-01-21,2021-05-17,918,63
DO-40-2156,DO-40-2156,243,f,J:DO,CR40,2017-07-17,2021-01-18,RE,requested_euthanasia,True,1,True,,2020-01-21,2021-01-11,918,46
DO-40-2157,DO-40-2157,244,f,J:DO,CR40,2017-07-17,2020-09-04,FD,found_dead,True,0,True,,2020-01-21,2020-09-01,918,27
DO-40-2158,DO-40-2158,245,f,J:DO,CR40,2017-07-17,2020-11-29,FD,found_dead,True,1,True,,2020-01-21,2020-11-24,918,39
DO-40-2159,DO-40-2159,246,f,J:DO,CR40,2017-07-17,2021-03-23,FD,found_dead,True,0,True,,2020-01-21,2021-03-15,918,54
DO-40-2160,DO-40-2160,247,f,J:DO,CR40,2017-07-17,2020-09-03,FD,found_dead,True,0,True,,2020-01-21,2020-09-01,918,27
DO-40-2162,DO-40-2162,248,f,J:DO,CR40,2017-09-18,2022-02-16,FD,found_dead,True,0,True,,2020-05-17,2021-12-21,972,68
DO-40-2164,DO-40-2164,249,f,J:DO,CR40,2017-09-18,2021-04-12,FD,found_dead,True,0,True,,2020-05-17,2021-04-05,972,35
DO-40-2167,DO-40-2167,250,f,J:DO,CR40,2017-09-18,2021-07-26,FD,found_dead,True,1,True,,2020-05-17,2021-07-15,972,49
DO-40-2168,DO-40-2168,251,f,J:DO,CR40,2017-09-18,2021-01-29,FD,found_dead,True,0,True,,2020-05-17,2021-01-27,972,26
DO-40-2172,DO-40-2172,252,f,J:DO,CR40,2017-09-18,2020-11-18,ES,euthanized_sick,True,1,True,,2020-05-17,2020-11-17,972,17
DO-40-2174,DO-40-2174,253,f,J:DO,CR40,2017-09-18,2020-09-09,FD,found_dead,True,0,True,,2020-05-17,2020-08-03,972,9
DO-40-2175,DO-40-2175,254,f,J:DO,CR40,2017-09-18,2020-08-24,ES,euthanized_sick,True,0,True,,2020-05-17,2020-08-03,972,9
DO-40-2176,DO-40-2176,255,f,J:DO,CR40,2017-09-18,2020-10-13,FD,found_dead,True,0,True,,2020-05-17,2020-09-30,972,13
DO-40-2178,DO-40-2178,256,f,J:DO,CR40,2017-10-09,2020-10-27,FD,found_dead,True,1,True,,2020-05-18,2020-10-20,952,21
DO-40-2179,DO-40-2179,257,f,J:DO,CR40,2017-10-09,2022-01-14,FD,found_dead,True,1,True,,2020-05-18,2021-12-21,952,76
DO-40-2181,DO-40-2181,258,f,J:DO,CR40,2017-10-09,2021-12-21,RE,requested_euthanasia,True,0,True,,2020-05-18,2021-12-21,952,76
DO-40-2182,DO-40-2182,259,f,J:DO,CR40,2017-10-09,2020-11-23,FD,found_dead,True,1,True,,2020-05-18,2020-11-10,952,23
DO-40-2183,DO-40-2183,260,f,J:DO,CR40,2017-10-09,2021-03-03,FD,found_dead,True,1,True,,2020-05-18,2021-02-23,952,37
DO-40-2184,DO-40-2184,261,f,J:DO,CR40,2017-10-09,2021-03-29,FD,found_dead,True,0,True,,2020-05-18,2021-03-22,952,40
DO-40-2186,DO-40-2186,262,f,J:DO,CR40,2017-10-09,2020-12-02,FD,found_dead,True,0,True,,2020-05-18,2020-12-01,952,23
DO-40-2187,DO-40-2187,263,f,J:DO,CR40,2017-10-09,2021-12-08,ES,euthanized_sick,True,0,True,,2020-05-18,2021-12-06,952,72
DO-40-2192,DO-40-2192,264,f,J:DO,CR40,2017-10-09,2021-04-12,FD,found_dead,True,1,True,,2020-05-18,2021-04-05,952,41
DO-AL-0033,DO-AL-0033,265,f,J:DO,AL,2016-05-31,2019-11-06,ES,euthanized_sick,True,1,True,,2019-09-03,2019-10-29,1190,8
DO-AL-0043,DO-AL-0043,266,f,J:DO,AL,2016-05-31,2019-10-29,FD,found_dead,True,0,True,,2019-09-03,2019-10-22,1190,7
DO-AL-0066,DO-AL-0066,267,f,J:DO,AL,2016-09-20,2019-09-05,ES,euthanized_sick,True,1,True,,2019-09-03,2019-09-03,1078,1
DO-AL-0105,DO-AL-0097,268,f,J:DO,AL,2017-03-20,2020-02-12,ES,euthanized_sick,True,1,True,,2019-11-05,2020-01-20,960,12
DO-AL-0102,DO-AL-0102,269,f,J:DO,AL,2017-03-20,2020-01-31,FD,found_dead,True,0,True,,2019-11-05,2020-01-20,960,12
DO-AL-0106,DO-AL-0106,270,f,J:DO,AL,2017-03-20,2019-12-10,FD,found_dead,True,0,True,,2019-11-05,2019-12-03,960,5
DO-AL-0112,DO-AL-0112,271,f,J:DO,AL,2017-03-20,2019-12-23,FD,found_dead,True,0,True,,2019-11-05,2019-12-17,960,7
DO-AL-0115,DO-AL-0115,272,f,J:DO,AL,2017-04-10,2020-01-03,FD,found_dead,True,0,True,,2019-11-06,2019-12-24,940,8
DO-AL-0117,DO-AL-0117,273,f,J:DO,AL,2017-04-10,2020-04-26,FD,found_dead,True,0,True,,2019-11-06,2020-04-20,940,22
DO-AL-0118,DO-AL-0118,274,f,J:DO,AL,2017-04-10,2020-10-25,FD,found_dead,True,1,True,,2019-11-06,2020-10-18,940,47
DO-AL-0119,DO-AL-0119,275,f,J:DO,AL,2017-04-10,2020-04-07,FD,found_dead,True,0,True,,2019-11-06,2020-03-30,940,19
DO-AL-0125,DO-AL-0125,276,f,J:DO,AL,2017-04-10,2020-05-23,ES,euthanized_sick,True,0,True,,2019-11-06,2020-05-11,940,24
DO-AL-0128,DO-AL-0128,277,f,J:DO,AL,2017-04-10,2020-05-01,FD,found_dead,True,0,True,,2019-11-06,2020-04-27,940,22
DO-AL-0136,DO-AL-0136,278,f,J:DO,AL,2017-06-26,2020-04-12,FD,found_dead,True,1,True,,2020-01-21,2020-04-07,939,12
DO-AL-0140,DO-AL-0140,279,f,J:DO,AL,2017-06-26,2020-03-25,FD,found_dead,True,0,True,,2020-01-21,2020-03-17,939,9
DO-AL-0141,DO-AL-0141,280,f,J:DO,AL,2017-06-26,2020-09-13,FD,found_dead,True,0,True,,2020-01-21,2020-09-07,939,29
DO-AL-0142,DO-AL-0142,281,f,J:DO,AL,2017-06-26,2020-03-25,FD,found_dead,True,0,True,,2020-01-21,2020-03-24,939,10
DO-AL-0143,DO-AL-0143,282,f,J:DO,AL,2017-06-26,2020-04-23,FD,found_dead,True,1,True,,2020-01-21,2020-04-21,939,14
DO-AL-0145,DO-AL-0145,283,f,J:DO,AL,2017-07-17,2020-03-24,FD,found_dead,True,1,True,,2020-01-21,2020-03-17,918,9
DO-AL-0147,DO-AL-0147,284,f,J:DO,AL,2017-07-17,2020-04-06,FD,found_dead,True,1,True,,2020-01-21,2020-03-31,918,10
DO-AL-0157,DO-AL-0157,285,f,J:DO,AL,2017-07-17,2020-06-03,FD,found_dead,True,1,True,,2020-01-21,2020-05-27,918,18
DO-AL-0158,DO-AL-0158,286,f,J:DO,AL,2017-07-17,2020-05-15,FD,found_dead,True,0,True,,2020-01-21,2020-05-05,918,15
DO-AL-0162,DO-AL-0162,287,f,J:DO,AL,2017-09-18,2020-06-04,,unknown,False,0,True,,2020-05-17,2020-05-25,972,2
DO-AL-0172,DO-AL-0172,288,f,J:DO,AL,2017-09-18,2020-08-14,FD,found_dead,True,1,True,,2020-05-17,2020-08-03,972,9
DO-AL-0180,DO-AL-0180,289,f,J:DO,AL,2017-10-09,2020-09-29,FD,found_dead,True,0,True,,2020-05-18,2020-09-21,952,15
DO-AL-0188,DO-AL-0188,290,f,J:DO,AL,2017-10-09,2020-06-09,ES,euthanized_sick,True,0,True,,2020-05-18,2020-06-08,952,4
